-- Sujets Comprehension Ecrite + Comprehension Orale
-- Importer APRES database/tcf.sql
SET FOREIGN_KEY_CHECKS=0;
SET NAMES utf8mb4;
DELETE FROM tcf_ce_answers;
DELETE FROM tcf_ce_questions;
DELETE FROM tcf_ce_consignes;
DELETE FROM tcf_ce_exams;
DELETE FROM tcf_co_answers;
DELETE FROM tcf_co_questions;
DELETE FROM tcf_co_consignes;
DELETE FROM tcf_co_exams;


/*!40101 SET @OLD_CHARACTER_SET_CLIENT=@@CHARACTER_SET_CLIENT */;
/*!40101 SET @OLD_CHARACTER_SET_RESULTS=@@CHARACTER_SET_RESULTS */;
/*!40101 SET @OLD_COLLATION_CONNECTION=@@COLLATION_CONNECTION */;
/*!40101 SET NAMES utf8mb4 */;
/*!40103 SET @OLD_TIME_ZONE=@@TIME_ZONE */;
/*!40103 SET TIME_ZONE='+00:00' */;
/*!40014 SET @OLD_FOREIGN_KEY_CHECKS=@@FOREIGN_KEY_CHECKS, FOREIGN_KEY_CHECKS=0 */;
/*!40101 SET @OLD_SQL_MODE=@@SQL_MODE, SQL_MODE='NO_AUTO_VALUE_ON_ZERO' */;
/*!40111 SET @OLD_SQL_NOTES=@@SQL_NOTES, SQL_NOTES=0 */;

LOCK TABLES `tcf_ce_exams` WRITE;
/*!40000 ALTER TABLE `tcf_ce_exams` DISABLE KEYS */;
INSERT INTO `tcf_ce_exams` (`id`, `slug`, `title`, `subtitle`, `intro_html`, `visibility`, `is_published`, `duration_seconds`, `published_at`, `created_by`, `created_at`, `updated_at`) VALUES (4,'comprehension-ecrite-1-561827','Compréhension Écrite 1','Testez vos compétences en compréhension écrite française (quiz)',NULL,'gratuit',1,3600,'2026-07-22 23:02:08',NULL,'2026-07-22 23:02:08','2026-07-22 23:02:08');
INSERT INTO `tcf_ce_exams` (`id`, `slug`, `title`, `subtitle`, `intro_html`, `visibility`, `is_published`, `duration_seconds`, `published_at`, `created_by`, `created_at`, `updated_at`) VALUES (5,'comprehension-ecrite-2-974537','Compréhension Écrite 2','Épreuve de compréhension écrite — 39 questions',NULL,'gratuit',1,3600,'2026-07-22 23:02:08',NULL,'2026-07-22 23:02:08','2026-07-22 23:02:08');
INSERT INTO `tcf_ce_exams` (`id`, `slug`, `title`, `subtitle`, `intro_html`, `visibility`, `is_published`, `duration_seconds`, `published_at`, `created_by`, `created_at`, `updated_at`) VALUES (6,'comprehension-ecrite-3-644367','Compréhension Écrite 3','Épreuve de compréhension écrite — 31 questions',NULL,'gratuit',1,3600,'2026-07-22 23:02:08',NULL,'2026-07-22 23:02:08','2026-07-22 23:02:08');
/*!40000 ALTER TABLE `tcf_ce_exams` ENABLE KEYS */;
UNLOCK TABLES;

LOCK TABLES `tcf_ce_questions` WRITE;
/*!40000 ALTER TABLE `tcf_ce_questions` DISABLE KEYS */;
INSERT INTO `tcf_ce_questions` (`id`, `exam_id`, `sort_order`, `situation`, `question_text`, `points`, `created_at`) VALUES (470,4,1,'Maman. Je fais mes devoirs de mathématiques chez Louise. Je rentre à 21 heures. Bises et à ce soir. Patrick','Qu\'est-ce que Patrick fait chez Louise ?',3,'2026-07-22 23:02:08');
INSERT INTO `tcf_ce_questions` (`id`, `exam_id`, `sort_order`, `situation`, `question_text`, `points`, `created_at`) VALUES (471,4,2,'Attention. Cette semaine, l\'accueil de l\'université est fermé lundi toute la journée et vendredi après-midi.','A quoi sert cette affiche ?',3,'2026-07-22 23:02:08');
INSERT INTO `tcf_ce_questions` (`id`, `exam_id`, `sort_order`, `situation`, `question_text`, `points`, `created_at`) VALUES (472,4,3,'Alen, bonjour, C\'est d\'accord, RV avec les copines chez-moi le 30 avril pour déjeuner Bisous CANADA Yvette','Quelles sont les relations entre Aline et Yvette ?',3,'2026-07-22 23:02:08');
INSERT INTO `tcf_ce_questions` (`id`, `exam_id`, `sort_order`, `situation`, `question_text`, `points`, `created_at`) VALUES (473,4,4,'Nous informons notre aimable clientèle que nous sommes actuellement en vacances jusqu\'au dimanche 1er septembre. Nous aurons le plaisir de vous retrouver à partir du 2. Le magasin ouvrira comme tous les lundis à 11 h. Bonnes vacances à tous.','Qu\'apprend-on sur le magasin ?',3,'2026-07-22 23:02:08');
INSERT INTO `tcf_ce_questions` (`id`, `exam_id`, `sort_order`, `situation`, `question_text`, `points`, `created_at`) VALUES (474,4,5,'Salut Paul, Je t’écris du Canada. J’ai rencontré un étudiant mexicain. Je suis contente de parler ma langue avec lui, car l’Espagne me manque beaucoup ! En juin, nous suivons ensemble une formation en Italie. Je t’appelle bientôt. Bisous, Elsa','Quelle est la nationalité d\'Elsa ?',9,'2026-07-22 23:02:08');
INSERT INTO `tcf_ce_questions` (`id`, `exam_id`, `sort_order`, `situation`, `question_text`, `points`, `created_at`) VALUES (475,4,6,'Nous avons prévu quelques réparations dans l\'appartement à la fin de la semaine. Veuillez nous excuser pour le bruit. M. et Mme Garnier, 7 avenue du Général Leclerc Appt. 307','Qu’est-ce que M. et Mme Garnier écrivent à leurs voisins ?',9,'2026-07-22 23:02:08');
INSERT INTO `tcf_ce_questions` (`id`, `exam_id`, `sort_order`, `situation`, `question_text`, `points`, `created_at`) VALUES (476,4,7,'Chère Cathy, Après six mois de travaux, Pierre et moi avons quitté la maison de ses parents et nous sommes enfin installés chez nous ! Nous fêtons l’évènement le dimanche 23 juin à partir de 19 h 30. J’espère que tu pourras venir ! Lésa','Qu’est-ce que Lésa va fêter ?',9,'2026-07-22 23:02:08');
INSERT INTO `tcf_ce_questions` (`id`, `exam_id`, `sort_order`, `situation`, `question_text`, `points`, `created_at`) VALUES (477,4,8,'Un poste est libre dans votre association ? Le site www.place-publique.fr vous propose de publier une annonce. Envoyez-nous la description du poste, le salaire et vos coordonnées. Votre annonce sera visible pendant un mois.','Que peuvent faire les associations sur ce site Internet ?',9,'2026-07-22 23:02:08');
INSERT INTO `tcf_ce_questions` (`id`, `exam_id`, `sort_order`, `situation`, `question_text`, `points`, `created_at`) VALUES (478,4,9,'Madame, Nous avons bien reçu votre demande de remboursement pour un billet de train (voyage professionnel). Vous nous avez envoyé le ticket de carte bancaire, mais nous avons aussi besoin d’une attestation de votre employeur. Merci de nous l’adresser par courrier postal ou sous format électronique. Cordialement, Le service financier.','Quel document doit fournir la femme ?',9,'2026-07-22 23:02:08');
INSERT INTO `tcf_ce_questions` (`id`, `exam_id`, `sort_order`, `situation`, `question_text`, `points`, `created_at`) VALUES (479,4,10,'Semaine du 6 au 10 septembre : Le restaurant universitaire vous propose des recettes régionales variées au tarif normal. Rendez-vous de 11h15 à 13h dans la salle du premier étage. Bon appétit !','Que propose le restaurant du 6 au 10 septembre ?',9,'2026-07-22 23:02:08');
INSERT INTO `tcf_ce_questions` (`id`, `exam_id`, `sort_order`, `situation`, `question_text`, `points`, `created_at`) VALUES (480,4,11,'Vous voulez faire connaître votre entreprise ? Nous vous proposons de très bons prix pour mettre une annonce sur notre site Internet. Envoyez-nous votre texte, nous vous contacterons pour vous informer sur nos prix.','Que propose cette annonce aux entreprises ?',15,'2026-07-22 23:02:08');
INSERT INTO `tcf_ce_questions` (`id`, `exam_id`, `sort_order`, `situation`, `question_text`, `points`, `created_at`) VALUES (481,4,12,'La librairie des Orgues à Paris a récolté 9000 euros de ses clients afin de financer son déménagement. Un résultat inespéré qui a permis à la librairie de s’agrandir. Lors de l’inauguration, la libraire a offert un verre à ses généreux donateurs. En fonction du montant de leur participation, ils ont reçu un livre de leur choix ou ont obtenu le statut de client d’or, signifié par une plaque à leur nom sur le mobilier de la librairie.','Pourquoi la librairie a-t-elle récolté de l’argent ?',15,'2026-07-22 23:02:08');
INSERT INTO `tcf_ce_questions` (`id`, `exam_id`, `sort_order`, `situation`, `question_text`, `points`, `created_at`) VALUES (482,4,13,'Madame Guilbert, L’imprimante de mon bureau ne fonctionne pas. Mes consultations commencent demain à 14 h. Pourriez-vous commander rapidement du papier et de l’encre, s’il vous plaît ? Merci, Docteur Philippe','Que doit faire Madame Guilbert ?',15,'2026-07-22 23:02:08');
INSERT INTO `tcf_ce_questions` (`id`, `exam_id`, `sort_order`, `situation`, `question_text`, `points`, `created_at`) VALUES (483,4,14,'Cher Paul, Je suis désolée de t’avoir laissé sans nouvelle. Je pensais t’écrire de Fès, mais notre séjour ne s’est pas déroulé comme nous l’espérions. Nous avons passé trois nuits supplémentaires à Tanger à cause d’un problème technique sur une de nos lignes touristiques. Nous avons aussi annulé le rendez-vous prévu aujourd’hui avec notre client de Casablanca, car nous avons dû nous rendre à Marrakech pour régler les frais occasionnés par cet incident. Nous rentrons demain à Paris. Bises','Dans quelle ville se trouve Mathilde d’après cette lettre ?',15,'2026-07-22 23:02:08');
INSERT INTO `tcf_ce_questions` (`id`, `exam_id`, `sort_order`, `situation`, `question_text`, `points`, `created_at`) VALUES (484,4,15,'Olivier Pollet, co-fondateur d\'Escursia, veut développer le tourisme scientifique. C\'est un tourisme permettant de découvrir et d\'apprendre sur la nature, la faune et la flore, au cours de treks ou de randonnées guidées par des accompagnateurs scientifiques professionnels désirant faire partager leurs connaissances. Ces séjours sont ouverts à tous les publics et pour y prendre part, il ne faut pas nécessairement disposer d\'une excellente condition physique, il faut juste une pointe de curiosité et le sens de l\'observation.','Quelle est la particularité du tourisme scientifique ?',15,'2026-07-22 23:02:08');
INSERT INTO `tcf_ce_questions` (`id`, `exam_id`, `sort_order`, `situation`, `question_text`, `points`, `created_at`) VALUES (485,4,16,'Les gardes-chasse d’Orly ont lancé une campagne de capture des lapins vivant sur l’aéroport, afin de les expatrier vers le sud de la France, dont la faune et la flore ont été dévastées par les grands incendies de l’été dernier. Le lapin élevé au kérosène va donc se refaire une santé auprès des romarins et des thyms de Provence. On connait des riverains qui aimeraient bien être des petits lapins !','Qu’est-il arrivé aux lapins de l’aéroport d’Orly ?',15,'2026-07-22 23:02:08');
INSERT INTO `tcf_ce_questions` (`id`, `exam_id`, `sort_order`, `situation`, `question_text`, `points`, `created_at`) VALUES (486,4,17,'Il y a beaucoup d’avantages démontrés par les faits à choisir la Suisse pour y effectuer ses études ou une partie de celles-ci. La qualité de vie, celle des formations dispensées même si elles sont souvent chères, la situation géographique et l’ouverture internationale du pays… Du côté des défauts, mentionnons le fait que toutes les filières et formations ne sont pas représentées, ce qui est le cas dans la plupart des petits pays.','Quel avantage présente l’enseignement supérieur dans ce pays ?',15,'2026-07-22 23:02:08');
INSERT INTO `tcf_ce_questions` (`id`, `exam_id`, `sort_order`, `situation`, `question_text`, `points`, `created_at`) VALUES (487,4,18,'On croyait leur métier en voie de disparition et pourtant le nombre de secrétaires a doublé en vingt ans. Ceux qui avaient dit que l’informatique les remplacerait se sont trompés. Au contraire, elles n’ont jamais été aussi recherchées. Leurs tâches classiques ont tendance à diminuer au profit de nouvelles responsabilités. Elles sont de moins en moins rattachées à une seule personne, mais à une équipe. Toutefois, malgré l’importance qu’elles ont prise, elles souffrent toujours d’un certain manque de reconnaissance.','Aujourd’hui, quel est l’inconvénient du métier de secrétaire ?',15,'2026-07-22 23:02:08');
INSERT INTO `tcf_ce_questions` (`id`, `exam_id`, `sort_order`, `situation`, `question_text`, `points`, `created_at`) VALUES (488,4,19,'L\'anglais est arrivé au vingtième siècle, à la première place du palmarès des langues internationales. Près de la moitié de l\'humanité est concernée par cette langue, car elle est quasi obligatoire dans de nombreux secteurs d’activité. Pourtant, cette situation a des limites et l’anglais devra faire face à la progression d’autres langues dans les années à venir. Les raisons sont la montée en puissance économique et industrielle de grands pays émergents, le développement d’échanges régionaux et ceux entre pays voisins.','Que dit-on de la langue anglaise dans cet article ?',15,'2026-07-22 23:02:08');
INSERT INTO `tcf_ce_questions` (`id`, `exam_id`, `sort_order`, `situation`, `question_text`, `points`, `created_at`) VALUES (489,4,20,'Job d’été, la première expérience. Quand une entreprise fait appel pour la première fois à un jeune, elle n’a pas d’attente vis-à-vis de ses compétences professionnelles, c’est donc sur son comportement que vont se porter ses critères d’évaluation. Même saisonnier. Il faut montrer qu’on a vraiment envie de décrocher un job. Les jeunes sans expérience ont tout intérêt à parler de leur passion et à démontrer leur motivation. Pour un employeur, c’est ce qui reste souvent le critère le plus important.','Selon l’article, que faut-il faire pour trouver un job d’été ?',21,'2026-07-22 23:02:08');
INSERT INTO `tcf_ce_questions` (`id`, `exam_id`, `sort_order`, `situation`, `question_text`, `points`, `created_at`) VALUES (490,4,21,'Le jour viendra où un fonds de pension ou un groupe alimentaire mondial investira dans l\'entreprise d\'un cuisinier reconnu pour orchestrer son développement international. Bien sûr, on ne peut qu\'avoir de la nostalgie pour les temps héroïques ou une bande de copains inventait les codes de la nouvelle cuisine. Aujourd\'hui, n\'importe quel jeune cuisinier est prêt à payer très cher pour le privilège d\'un stage de six mois chez un « Grand chef ». Il rentabilisera vite cet investissement en s\'autoproclamant élève de, car les marques des grands chefs ne cessent de prendre de la valeur.','Qu’apprend-on sur les grands chefs ?',21,'2026-07-22 23:02:08');
INSERT INTO `tcf_ce_questions` (`id`, `exam_id`, `sort_order`, `situation`, `question_text`, `points`, `created_at`) VALUES (491,4,22,'Non, Maupassant n\'est pas qu\'un écrivain pour cours de français. Comme tout bon auteur culte, ses thématiques sont percutantes, grinçantes, toujours d\'actualité. Et tellement vraies dans le fond : hypocrisie de la bourgeoisie, monde paysan décrit sans artifice, rapports humains aliénés par le contexte social et culturel... Du pain bénit pour les auteurs de « Chez Maupassant », une collection de huit téléfilms tirés des contes et nouvelles du grand Guy.','Que présente l’auteur de l’article ?',21,'2026-07-22 23:02:08');
INSERT INTO `tcf_ce_questions` (`id`, `exam_id`, `sort_order`, `situation`, `question_text`, `points`, `created_at`) VALUES (492,4,23,'Elle devait être démolie et un nouveau lieu de culte reconstruit à l’arrière de l’église actuelle, le long du boulevard. Le projet, qui prévoyait la restructuration complète de l’îlot avec la création de logements sociaux, ne verra finalement pas le jour. La Ville et le diocèse ont pris la décision de conserver l’église Sainte-Madeleine considérant avec certains experts que sa démolition aurait causé la perte regrettable d’un élément important du patrimoine nantais. Des travaux d’urgence vont être réalisés avant le lancement d’un véritable programme de restauration et de mise en valeur du bâtiment.','Selon cet article, quelle décision a été prise ?',21,'2026-07-22 23:02:08');
INSERT INTO `tcf_ce_questions` (`id`, `exam_id`, `sort_order`, `situation`, `question_text`, `points`, `created_at`) VALUES (493,4,24,'L’insecte pourrait devenir une solution économique à notre appétit de protéines. Vous attrapez trois grillons déshydratés et les enfournez dans votre bouche : vous voilà mangeur d’insectes. Vous contribuez à la préservation des ressources. En effet, il faut 10 kg de céréales pour produire 1 kg de bœuf ou 9 kg d’insectes. La demande mondiale de protéines va doubler et les insectes, c’est riche en protéines. Depuis l’an dernier, la communauté européenne subventionne les projets de recherche dans ce secteur. Les grands groupes alimentaires s’intéressent au sujet, mais attendent que les citoyens soient psychologiquement prêts.','Qu’apprend-on sur la production d’insectes ?',21,'2026-07-22 23:02:08');
INSERT INTO `tcf_ce_questions` (`id`, `exam_id`, `sort_order`, `situation`, `question_text`, `points`, `created_at`) VALUES (494,4,25,'Ces dernières années, les nouvelles versions de films à succès se sont multipliées et ce mouvement ne semble pas près de s’arrêter, comme si l’industrie cinématographique ne parvenait plus à inventer de nouvelles histoires, de nouveaux concepts qui pourraient éveiller la curiosité d’un large public. Pourtant, de nouvelles idées, de nouvelles sensibilités, il y en aura toujours, encore faut-il qu’elles trouvent un relais financier pour voir le jour. Et l’industrie cinématographique hésite à investir dans du « neuf », alors elle se tourne vers les valeurs sûres des succès passés.','Quelle constatation ce journaliste fait-il sur le cinéma contemporain ?',21,'2026-07-22 23:02:08');
INSERT INTO `tcf_ce_questions` (`id`, `exam_id`, `sort_order`, `situation`, `question_text`, `points`, `created_at`) VALUES (495,4,26,'Le droit à l’oubli sur internet est fondamental. Aujourd’hui, internet nous expose à des risques, en mettant à portée d’institutions ou d’entreprises des informations personnelles que nous avons oubliées ou que nous souhaitons oublier. Or l’oubli, autant que la mémoire, est essentiel à l’humain pour être capable d’agir et de fonctionner dans le présent. Un spécialiste de la question propose une solution. Si les gens ont envie de sauvegarder des informations les concernant, ils y attacheront une date d’expiration. Les citoyens doivent choisir eux-mêmes ce qui de leurs informations personnelles, sera retenu ou effacé, cela ne doit pas résulter du choix de grosses sociétés ou de gouvernements.','Pourquoi le droit à l’oubli sur internet est-il important ?',21,'2026-07-22 23:02:08');
INSERT INTO `tcf_ce_questions` (`id`, `exam_id`, `sort_order`, `situation`, `question_text`, `points`, `created_at`) VALUES (496,4,27,'Une étude récente révèle que la concentration de déchets plastiques flottant à la surface du pacifique nord a été multipliée par cent en quarante ans. Ce constat, émis par les pêcheurs en haute mer, est alarmant, car cette pollution a des conséquences écologiques. La gigantesque plaque de déchets flottant sur l’océan pacifique, épais par endroits de plusieurs dizaines de mètres, constitue un milieu favorable à la reproduction d’une espèce d’araignée d’eau. Cet insecte est en train de se multiplier dans le pacifique nord. Si la densité des plastiques continue à augmenter, certaines espèces pourraient continuer à se multiplier, risquant de déséquilibrer l’écosystème du Pacifique.','Pourquoi le droit à l’oubli sur internet est-il important ?',21,'2026-07-22 23:02:08');
INSERT INTO `tcf_ce_questions` (`id`, `exam_id`, `sort_order`, `situation`, `question_text`, `points`, `created_at`) VALUES (497,4,28,'Les jeunes du lycée professionnel hôtelier Paul-Valéry ont des idées. Afin de pallier la faiblesse des moyens de l’Éducation nationale pour financer leurs voyages d’études, ils n’arrêtent pas de mobiliser les bonnes volontés à coups d’initiatives originales et qui font mouche. Après l’exemple donné par les terminales de restauration qui proposent un repas « tout citron » pour un voyage d’études à Barcelone, c’est au tour des élèves de 2nde de battre le rappel. Ceux-ci bénéficieront des retombées d’un vide grenier, organisé par le Lions club, pour boucler le budget de leur voyage d’études en Corse à la rentrée.','Quel est l’objectif des élèves de 2nde ?',21,'2026-07-22 23:02:08');
INSERT INTO `tcf_ce_questions` (`id`, `exam_id`, `sort_order`, `situation`, `question_text`, `points`, `created_at`) VALUES (498,4,29,'Les gens empilaient les objets dans les chariots de métal, avec frénésie. Ils avaient des visages sérieux, contractés, et leurs paupières battaient de façon anormalement lente. Les femmes tendaient les mains vers les étals. On aurait dit que les gens ne savaient plus ce qu’ils faisaient. Comment l’auraient-ils su ? Ce n’étaient pas eux qui saisissaient la marchandise. C’est la marchandise qui se collait d’elle-même à leurs mains, elle entrait directement dans les caddies. La nourriture n’était plus que des formes, des couleurs. Les yeux dévoraient les couleurs rouge, blanche, verte, orange, les yeux avaient faim de sphères et de pyramides, faim de plastiques lisses et de capsules de fer-blanc.','Dans cet extrait, qu’apprend-on sur les acheteurs ?',21,'2026-07-22 23:02:08');
INSERT INTO `tcf_ce_questions` (`id`, `exam_id`, `sort_order`, `situation`, `question_text`, `points`, `created_at`) VALUES (499,4,30,'Ne pas assez dormir plusieurs nuits de suite perturbe, tout le monde s’en rend compte. Ce qui est moins visible, c’est comment cela affecte notre santé. (…) Des scientifiques ont montré que le manque de sommeil modifiait l’intensité de l’activité de plus de 700 gènes, parmi eux ceux liés au stress et à la lutte contre les maladies. Mais ils ne peuvent encore dire si ces modifications des gènes sont une réponse de court terme et sans danger à un sommeil de mauvaise qualité, un signe d’adaptation du corps à la privation de sommeil, ou un danger potentiel pour la santé.','Qu’est-ce que les scientifiques ont découvert concernant le manque de sommeil ?',26,'2026-07-22 23:02:08');
INSERT INTO `tcf_ce_questions` (`id`, `exam_id`, `sort_order`, `situation`, `question_text`, `points`, `created_at`) VALUES (500,4,31,'Solitude, conflit avec les parents, difficultés scolaires… Les adolescents peuvent se confier sur des sites spécialisés où leur parole sera prise en compte. Fil Santé jeune a vu ses visites augmenter de 313 % ces dernières années. De l’autre côté de l’écran, animateurs et psychologues s’efforcent de maintenir le contact et de prolonger la discussion. L’entreprise est délicate puisque les regards et les gestes ne peuvent être pris en compte par le professionnel. Le réconfort naît aussi, et peut-être avant tout, des autres internautes qui vivent une situation similaire.','À quelle difficulté se heurtent les spécialistes ?',26,'2026-07-22 23:02:08');
INSERT INTO `tcf_ce_questions` (`id`, `exam_id`, `sort_order`, `situation`, `question_text`, `points`, `created_at`) VALUES (501,4,32,'Méthode originale, la psychologie narrative propose les clés d’un nouvel art de vivre pour renoncer définitivement aux comportements susceptibles de brider notre propension au bonheur ! Cette pratique, loin de vanter le bienfait de vaines chimères, repose sur une prise de conscience : celle que le monde tel que je le pense n’est pas tel que je le vis. Le travestissement de la réalité est incessant. Il y a d’un côté la réalité des faits, et de l’autre, ma représentation, explique Yves Alexandre Thalmann. Avec notre cerveau, nous passons notre temps à organiser les liens de cause à effet de façon à ce que ça prenne une signification à nos yeux. Or, selon le psychologue, la manière dont nous appréhendons les choses détermine davantage notre qualité de vie que les événements eux-mêmes. À ce titre, nos représentations mentales ont donc la capacité de nous procurer une vie plus agréable.','Comment la perception des évènements permet-elle d’accéder au bonheur ?',26,'2026-07-22 23:02:08');
INSERT INTO `tcf_ce_questions` (`id`, `exam_id`, `sort_order`, `situation`, `question_text`, `points`, `created_at`) VALUES (502,4,33,'« Le Fait du Roi » un roman d’A. Thonon. C’est l’histoire d’un homme qui prend l’identité d’un autre, mort, en se glissant dans sa peau, dans sa vie, dans sa maison… Rien ne sert de raconter l’intrigue de ce roman tant elle est simple et sans surprise. L’écriture de l’auteur reste cependant toujours aussi piquante et agréable à lire. Le héros principal, quant à lui, est dépeint avec une certaine profondeur.','Sur quel point porte la critique négative faite à ce livre ?',26,'2026-07-22 23:02:08');
INSERT INTO `tcf_ce_questions` (`id`, `exam_id`, `sort_order`, `situation`, `question_text`, `points`, `created_at`) VALUES (503,4,34,'Monsieur et Madame Martin n’ont pas un emploi du temps également captivant. Quand Monsieur se rend au travail. Madame manie l’aspirateur. Quand il est au bureau, elle achète des surgelés au supermarché. Quand il se cale devant la télé, l’épouse modèle se colle aux fourneaux. Une illustration exhumée d’un manuel des années 1950 ? Non, les images d’un exercice pour une classe de CP afin de « comprendre la simultanéité » en étudiant les moments de la journée d’une famille ». Quand Virginie Sassoon est tombée sur ce document ultra-stéréotypé dans le classeur de sa fille, cette maman est tombée des nues. « Cette fiche dévoile une forme de violence symbolique qui persiste dans notre société et qui relève selon moi, de la responsabilité collective. »','Pourquoi Virginie Sassoon est-elle choquée par les exercices proposés dans la classe de sa fille ?',26,'2026-07-22 23:02:08');
INSERT INTO `tcf_ce_questions` (`id`, `exam_id`, `sort_order`, `situation`, `question_text`, `points`, `created_at`) VALUES (504,4,35,'Des chercheurs mettent en doute l’idée répandue, que la langue que nous parlons influence notre façon de penser. Ils présentent une recherche sur l’ordre des mots dans la phrase : Sujet, Verbe, Objet pour certaines langues : Sujet, Objet, Verbe pour d’autres. Leurs 40 sujets, locuteurs d’anglais, d’espagnol, de mandarin, de turc, ont décrit des séquences vidéo dans leur langue d’abord, puis en utilisant des gestes. Si les descriptions verbales différaient dans l’ordre des mots selon les langues, les descriptions faites avec les mains reprenaient toutes le même ordre (sujet, objet, verbe), suivant celui des langues des signes inventées par des locuteurs sourds.','Quel est le résultat de l’expérience présentée dans cet article ?',26,'2026-07-22 23:02:08');
INSERT INTO `tcf_ce_questions` (`id`, `exam_id`, `sort_order`, `situation`, `question_text`, `points`, `created_at`) VALUES (505,4,36,'Sexistes, les jeux vidéo ? Peut-être que oui, peut être que non. En tout cas, à parcourir les allées de la Paris Games Week, l’œil avisé aura lui-même bien du mal à trouver un personnage principal féminin de jeu vidéo. Il y a bien la célébrissime Lara Croft du jeu vidéo Tomb Raider, aux attributs particulièrement imposants, conçus presque sur mesure pour plaire aux masculins. Pour le reste, circulez, il n’y a -presque rien d’autre à voir, si l’on balaye d’un coup de manette de jeu, au mieux, les princesses à sauver, au pire, les call-girls de mafioso. Pourtant, l’industrie du jeu vidéo a pris conscience ces dernières années du potentiel du marché des joueuses.','Quel constat est dressé sur les jeux vidéo ?',33,'2026-07-22 23:02:08');
INSERT INTO `tcf_ce_questions` (`id`, `exam_id`, `sort_order`, `situation`, `question_text`, `points`, `created_at`) VALUES (506,4,37,'Les technologies de l’information et de la communication (TIC) sont de plus en plus utilisées et adoptées de façon variable par les établissements d’enseignement supérieur à travers le monde. Les TIC apparaissent autant comme une prestation en présence sur le campus que comme un enseignement ouvert et à distance. Les actions de l’UNESCO se concentrent sur l’aide aux États membres afin de développer des politiques durables dans le domaine des TIC dans l’enseignement supérieur. Les plans d’action et les investissements positifs en matière de TIC sont clairement bénéfiques pour les institutions d’enseignement supérieur (IES), même si les TIC n’ont pas remplacé les modes d’apprentissage ou d’enseignement classiques telles que les salles de classe.','Pourquoi peut-on dire que l’UNESCO est active dans le domaine des TIC ?',33,'2026-07-22 23:02:08');
INSERT INTO `tcf_ce_questions` (`id`, `exam_id`, `sort_order`, `situation`, `question_text`, `points`, `created_at`) VALUES (507,4,38,'Travailler avec son mari ou son petit ami, sa sœur ou sa mère n\'est pas une punition pour tout le monde ! Pour certains, c\'est même la condition du bien être professionnel. Si cette idée évoquait jadis une petite entreprise conservatrice, transmise de père en fils, aujourd\'hui, travailler en famille relève de réalités très différentes. Critères retenus : confiance, valeurs et goûts communs ; et surtout, besoin de réaliser ses projets plutôt que ceux des autres. Depuis toujours, la majorité des entreprises en France, toutes tailles confondues, sont familiales ; et de plus en plus de créations sont le fait de femmes. Ce sont d\'ailleurs des entreprises où l\'on vit mieux et qui durent plus longtemps que les autres. Aujourd\'hui, la création d\'une entreprise est plus souvent motivée par le désir d\'assurer un travail à ses enfants ou d\'échapper à des structures jugées déshumanisantes.','Que permet la structure d\'entreprise présentée ?',33,'2026-07-22 23:02:08');
INSERT INTO `tcf_ce_questions` (`id`, `exam_id`, `sort_order`, `situation`, `question_text`, `points`, `created_at`) VALUES (508,4,39,'Le contrôle, en toute matière, aboutit à pervertir l\'action... Dès qu\'une action est soumise à un contrôle, le but profond de celui qui agit n\'est plus l\'action, mais la prévision du contrôle, la mise en échec des moyens de contrôle. Le contrôle des études n\'est qu\'un cas particulier et une démonstration éclatante de cette observation très générale. Le diplôme donne à la société un fantôme de garantie, et aux diplômés des fantômes de droits. Le diplôme passe officiellement pour détenir un savoir : il garde toute sa vie ce brevet d\'une science momentanée. C\'est pour accéder au diplôme qu\'on a vu se substituer à la lecture des auteurs, l\'usage des résumés, des manuels, des recueils de questions et de réponses toutes faites et autres abominations.','Que soutient l’auteur de ce texte à propos du contrôle ?',33,'2026-07-22 23:02:08');
INSERT INTO `tcf_ce_questions` (`id`, `exam_id`, `sort_order`, `situation`, `question_text`, `points`, `created_at`) VALUES (509,5,1,'<p>Vous voulez découvrir d\'autres cultures&nbsp;?</p><p>Vous voulez parler anglais, français, espagnol&nbsp;?</p><p>Leçons à la maison ou au centre Bernardisilmo.</p><p>Informations au 01 03 02 06 65.</p>','Qu\'est-ce que propose cette publicité&nbsp;?',3,'2026-07-22 23:02:08');
INSERT INTO `tcf_ce_questions` (`id`, `exam_id`, `sort_order`, `situation`, `question_text`, `points`, `created_at`) VALUES (510,5,2,'<p>Faites confiance à l\'entreprise pour tous vos envois urgents.</p><p>Nous prenons vos paquets à domicile ou dans les bureaux de poste et nous les envoyons dans le monde entier.</p>','Que propose cette entreprise&nbsp;?',3,'2026-07-22 23:02:08');
INSERT INTO `tcf_ce_questions` (`id`, `exam_id`, `sort_order`, `situation`, `question_text`, `points`, `created_at`) VALUES (511,5,3,'<p>Je suis bien arrivé chez moi. Je t\'appelle demain pour aller voir le film.</p><p>Je t\'embrasse.</p><p><strong>Cristian.</strong></p>','Où est Cristian&nbsp;?',3,'2026-07-22 23:02:08');
INSERT INTO `tcf_ce_questions` (`id`, `exam_id`, `sort_order`, `situation`, `question_text`, `points`, `created_at`) VALUES (512,5,4,'<p>Pierre, n\'oubliez pas notre déjeuner au restaurant.</p><p>Je vous attends devant l\'ascenseur.</p><p><strong>Alice.</strong></p>','Pourquoi est-ce qu\'Alice attend Pierre&nbsp;?',3,'2026-07-22 23:02:08');
INSERT INTO `tcf_ce_questions` (`id`, `exam_id`, `sort_order`, `situation`, `question_text`, `points`, `created_at`) VALUES (513,5,5,'<p>François,</p><p>Pouvons-nous nous rencontrer dans ton bureau demain matin&nbsp;?</p><p><strong>Ariane.</strong></p>','Pourquoi Ariane écrit-elle ce message&nbsp;?',3,'2026-07-22 23:02:08');
INSERT INTO `tcf_ce_questions` (`id`, `exam_id`, `sort_order`, `situation`, `question_text`, `points`, `created_at`) VALUES (514,5,6,'<p>Le forum de Paris s\'adresse aux jeunes de moins de trente ans, avec ou sans diplôme. Des milliers d\'offres sont disponibles dans près de 300 métiers. Chaque année, un grand nombre de jeunes signent un contrat de travail lors du salon.</p>','Pourquoi le forum de Paris est-il utile aux jeunes&nbsp;?',3,'2026-07-22 23:02:08');
INSERT INTO `tcf_ce_questions` (`id`, `exam_id`, `sort_order`, `situation`, `question_text`, `points`, `created_at`) VALUES (515,5,7,'<p><strong>Jardin de la Fontaine</strong></p><p><em>Ouverture-Fermeture</em></p><ul><li>Du 1er septembre au 31 mars&nbsp;: 7h30-18h30</li><li>Du 1er avril au 30 juin&nbsp;: 7h30-20h30</li><li>Du 1er juillet au 31 août&nbsp;: 7h00-22h30</li></ul>','Quand peut-on se promener dans le parc après 18h30&nbsp;?',9,'2026-07-22 23:02:08');
INSERT INTO `tcf_ce_questions` (`id`, `exam_id`, `sort_order`, `situation`, `question_text`, `points`, `created_at`) VALUES (516,5,8,'<ul><li>1&nbsp;kg de pommes</li><li>Salade</li><li>Mouchoirs en papier</li></ul>','Où trouve-t-on ces produits&nbsp;?',9,'2026-07-22 23:02:08');
INSERT INTO `tcf_ce_questions` (`id`, `exam_id`, `sort_order`, `situation`, `question_text`, `points`, `created_at`) VALUES (517,5,9,'<p>Bonjour Ahmed,</p><p>Ce message est pour te rappeler la réunion de lundi. Nous commanderons des paniers-repas pour le midi, car la séance peut durer longtemps&nbsp;: les dossiers à traiter sont nombreux. Peux-tu en informer les personnes des services concernés&nbsp;? Merci d\'avance.</p><p>À lundi.</p><p><strong>elite tcf canada</strong></p>','Que demande elite tcf canada à Ahmed&nbsp;?',9,'2026-07-22 23:02:08');
INSERT INTO `tcf_ce_questions` (`id`, `exam_id`, `sort_order`, `situation`, `question_text`, `points`, `created_at`) VALUES (518,5,10,'<p>Madame, Monsieur,</p><p>En raison de travaux rue Paul Vaillant, l\'accès à la piscine municipale se fera côté boulevard Camélinat, du 15 au 25 mars inclus. Veuillez nous excuser pour la gêne occasionnée.</p><p><strong>Le service municipal.</strong></p>','Quelle information est donnée au sujet de la piscine&nbsp;?',9,'2026-07-22 23:02:08');
INSERT INTO `tcf_ce_questions` (`id`, `exam_id`, `sort_order`, `situation`, `question_text`, `points`, `created_at`) VALUES (519,5,11,'<p>Chers amis,</p><p>Nous aimerions vous avoir avec nous à notre soirée pour fêter la nouvelle année. Soyez là pour 21&nbsp;h&nbsp;00 en tenue décontractée. Nous sommes entre amis.</p><p><strong>Céline et Redah</strong></p>','Pourquoi Céline et Redah invitent-ils des amis&nbsp;?',15,'2026-07-22 23:02:08');
INSERT INTO `tcf_ce_questions` (`id`, `exam_id`, `sort_order`, `situation`, `question_text`, `points`, `created_at`) VALUES (520,5,12,'<p>Clément et Pierre vont participer au tour automobile 4L Trophy au Maroc. Ils vont apporter 40&nbsp;kg de matériel et 10&nbsp;kg de nourriture à une école. Les deux amis recherchent des solutions pour payer leur voyage.</p><p>Vous voulez les aider&nbsp;?</p><p><a href=\"mailto:clp@4Ltrophy.fr\">clp@4Ltrophy.fr</a></p>','De quoi ont besoin Clément et Pierre&nbsp;?',15,'2026-07-22 23:02:08');
INSERT INTO `tcf_ce_questions` (`id`, `exam_id`, `sort_order`, `situation`, `question_text`, `points`, `created_at`) VALUES (521,5,13,'<p>Chers collègues,</p><p>Veuillez rendre au plus tard vendredi midi votre feuille de demande de congés. Nous vous rappelons qu\'il est essentiel pour le bon fonctionnement de notre société pendant la période estivale et pour satisfaire toutes vos demandes que ces feuilles soient dûment complétées et remises le plus tôt possible à votre responsable. Nous vous remercions de votre collaboration et nous vous souhaitons une bonne semaine.</p><p><strong>La direction des ressources humaines.</strong></p>','Dans ce message électronique, que demande-t-on aux employés&nbsp;?',15,'2026-07-22 23:02:08');
INSERT INTO `tcf_ce_questions` (`id`, `exam_id`, `sort_order`, `situation`, `question_text`, `points`, `created_at`) VALUES (522,5,14,'<p><strong>«&nbsp;L\'internaute.fr&nbsp;»</strong> vous informe sur la protection de l\'environnement.</p><p>Chaque année, c\'est environ un million de tonnes de courriers non adressés qui arrivent dans les boîtes aux lettres des Français. Ces courriers sont des publicités de supermarchés ou des journaux gratuits. Or, il vaudrait mieux limiter la production de papier inutile.</p><p>La meilleure méthode consiste à poser un autocollant «&nbsp;Stop Pub&nbsp;», disponible gratuitement sur le site du ministère de l\'Écologie. Lorsqu\'il s\'agit de courrier adressé à votre nom, vous pouvez solliciter la liste Robinson pour demander de ne plus recevoir de courrier envoyé par les listes de marketing.</p>','Quel est l\'objectif de l\'article de «&nbsp;L\'internaute.fr&nbsp;»&nbsp;?',15,'2026-07-22 23:02:08');
INSERT INTO `tcf_ce_questions` (`id`, `exam_id`, `sort_order`, `situation`, `question_text`, `points`, `created_at`) VALUES (523,5,15,'<p>Des ingénieurs travaillent très sérieusement à la réalisation d\'un bus, semblable à un tramway tunnel qui circulera au-dessus des files de voitures pour dégager le trafic dans les zones urbaines. L\'engin sera entièrement électrique et pourra transporter 1&nbsp;200 personnes à une vitesse de 60&nbsp;km/heure. Pour que les automobilistes «&nbsp;au-dessous&nbsp;» évoluent sans danger, des feux placés dans la partie inférieure du bus signaleront ses changements de direction.</p>','Quel sera l\'atout de ce moyen de transport&nbsp;?',15,'2026-07-22 23:02:08');
INSERT INTO `tcf_ce_questions` (`id`, `exam_id`, `sort_order`, `situation`, `question_text`, `points`, `created_at`) VALUES (524,5,16,'<p>Pas facile de trouver le juste équilibre entre respect et liberté. Le principal du lycée Charles-de-Gaulle a décidé de demander à ses élèves de ne plus porter de vêtements de sport en cours. Le principal estime que c\'est une question de respect et de propreté. Un survêtement, ce n\'est pas assez habillé pour venir au lycée. Les élèves qui n\'étaient pas du même avis n\'ont pas été acceptés en cours.</p>','Pourquoi la direction de cet établissement interdit-elle la tenue de sport en classe&nbsp;?',15,'2026-07-22 23:02:08');
INSERT INTO `tcf_ce_questions` (`id`, `exam_id`, `sort_order`, `situation`, `question_text`, `points`, `created_at`) VALUES (525,5,17,'<p>Courir les 42,195&nbsp;km du marathon de Paris ne s\'improvise pas. C\'est une course qui nécessite de s\'entraîner régulièrement et d\'être capable de surmonter le «&nbsp;mur de douleur&nbsp;» qui survient chez tous les marathoniens entre le 32<sup>e</sup> et le 37<sup>e</sup> kilomètre. «&nbsp;Pour espérer terminer l\'épreuve, il faut courir depuis au moins un an et, dans les dernières semaines, faire trois à quatre heures d\'entraînement hebdomadaires réparties en autant de séances&nbsp;», insiste un organisateur de stages de préparation.</p>','Quel est le conseil de cet organisateur avant de participer au marathon&nbsp;?',15,'2026-07-22 23:02:08');
INSERT INTO `tcf_ce_questions` (`id`, `exam_id`, `sort_order`, `situation`, `question_text`, `points`, `created_at`) VALUES (526,5,18,'<p>Pour trouver des personnalités sortant du lot à fort potentiel d\'évolution, un cabinet de recrutement organise des entretiens individuels sans consulter au préalable le dossier des candidats. Confrontés à une étude de cas, une discussion d\'idées ou un questionnaire croisé, ils peuvent se démarquer grâce à leur savoir-être ou à un talent particulier.</p><p>Les entretiens n\'ont pas pour enjeu de poste précis, ils visent à constituer une réserve de talents, dans laquelle il sera possible de puiser.</p>','Quelle est la méthode de recrutement retenue par le cabinet&nbsp;?',15,'2026-07-22 23:02:08');
INSERT INTO `tcf_ce_questions` (`id`, `exam_id`, `sort_order`, `situation`, `question_text`, `points`, `created_at`) VALUES (527,5,19,'<p><strong>Avis de Sonia sur www.village.vacances.fr</strong></p><p>C\'était notre première expérience en Villages Vacances. Nous avons découvert un produit complet&nbsp;: hébergement, restauration, activités et services. Des activités sont prévues durant la journée pour les parents et les enfants. Notre petite Mathilde a fait gratuitement de la natation et du cheval&nbsp;!</p>','Que proposent les Villages Vacances aux enfants&nbsp;?',15,'2026-07-22 23:02:08');
INSERT INTO `tcf_ce_questions` (`id`, `exam_id`, `sort_order`, `situation`, `question_text`, `points`, `created_at`) VALUES (528,5,20,'<p>Le piment d\'Espelette, qui célèbre actuellement sa fête, est probablement aujourd\'hui le produit le plus emblématique du Pays basque. Il a pourtant failli devenir un produit banal, c\'est-à-dire le contraire absolu de ce qu\'il est vraiment. Au début des années 90, on trouvait en effet et on produisait du piment, dit d\'Espelette, en Afrique du Nord, en Corse, en Espagne… bref partout où on aime ce goût puissant et peu piquant qui fait sa légitime réputation. Or, les Basques n\'aiment pas se faire voler leurs traditions. Ils ont donc obtenu en juin 2000 l\'appellation d\'origine contrôlée (AOC) interdisant tout plagiat. Aujourd\'hui, le diamant rouge d\'Espelette est particulièrement apprécié de certains grands chefs qui l\'utilisent pour faire «&nbsp;exploser&nbsp;» les saveurs.</p>','L\'appellation d\'origine contrôlée accordée au piment d\'Espelette permet aux Basques…',21,'2026-07-22 23:02:08');
INSERT INTO `tcf_ce_questions` (`id`, `exam_id`, `sort_order`, `situation`, `question_text`, `points`, `created_at`) VALUES (529,5,21,'<p><strong>Théo, la poupée «&nbsp;inter-affective&nbsp;».</strong></p><p>Théo a deux ans. Il mesure 52&nbsp;cm et communique spontanément avec sa maman.</p><p>Lancé par Berchet, ce robot est bourré d\'électronique et de capteurs pour interagir avec l\'enfant. Ainsi, Théo dort lorsqu\'il fait nuit, se réveille au lever du jour, réclame à manger ou à boire et même à aller au pot. Sa voix numérisée est d\'un naturel confondant. Surtout, il s\'adapte aux capacités de jeux de chaque enfant&nbsp;: plus il manifestera son désir de jouer, plus le jouet sera réactif.</p>','La voix numérisée de Théo est d\'un «&nbsp;naturel confondant&nbsp;», ce qui signifie qu\'elle…',21,'2026-07-22 23:02:08');
INSERT INTO `tcf_ce_questions` (`id`, `exam_id`, `sort_order`, `situation`, `question_text`, `points`, `created_at`) VALUES (530,5,22,'<p><strong>Erasmus</strong></p><p>Le programme d\'échange d\'étudiants entre les universités européennes a du plomb dans l\'aile. Au point qu\'en France près de quatre mille bourses n\'ont pas trouvé preneur. Ce phénomène n\'est pas spécifique à la France puisqu\'une baisse de dix pour cent aurait été enregistrée dans une dizaine de pays.</p><p>Toutes les études traduisent une absence de désir de mobilité chez les jeunes. Parmi les explications avancées, le coût, mais surtout une préférence marquée pour les stages en entreprise.</p><p>Voilà le grand concurrent d\'Erasmus depuis quelques années&nbsp;: l\'attention portée à l\'insertion professionnelle.</p>','Qu\'explique le texte au sujet du programme Erasmus&nbsp;?',21,'2026-07-22 23:02:08');
INSERT INTO `tcf_ce_questions` (`id`, `exam_id`, `sort_order`, `situation`, `question_text`, `points`, `created_at`) VALUES (531,5,23,'<p>Savoir opter pour la bonne route n\'est pas tout. L\'ultime clé pour gagner la course de la Route du Rhum, c\'est la connaissance de soi et tout particulièrement de ses rythmes de sommeil. C\'est un des aspects les plus méconnus de la voile de compétition, mais c\'est sur la faculté de récupération que peut se jouer le podium. Ainsi, Alain Gautier reconnaît avoir perdu la dernière Route du Rhum parce qu\'il n\'a pas su, dès les premiers jours de la course, gérer correctement ses phases de repos. «&nbsp;À la fin, j\'ai manqué de lucidité et j\'ai commis des erreurs&nbsp;», avoue-t-il après sa défaite.</p>','Quel conseil donne le journaliste pour remporter la course&nbsp;?',21,'2026-07-22 23:02:08');
INSERT INTO `tcf_ce_questions` (`id`, `exam_id`, `sort_order`, `situation`, `question_text`, `points`, `created_at`) VALUES (532,5,24,'<p>Le château de la Bussière est une demeure du 17<sup>e</sup> siècle située dans le Loiret. Surnommé «&nbsp;le château des pêcheurs&nbsp;», il possède des collections d\'objets rares sur la pêche. Sans oublier un superbe parc. Aujourd\'hui, ce monument est confronté à un fléau&nbsp;: un champignon ronge ses édifices. Les propriétaires ont déjà lancé une campagne de restauration, mais le champignon s\'attaque aussi à d\'autres parties du domaine.</p><p>Les maîtres des lieux souhaitent que le bâtiment retrouve son éclat en sollicitant les internautes. À partir de 15&nbsp;€, les contributeurs pourront recevoir des entrées gratuites, l\'inscription de leur nom sur une plaque dans le château ou bien encore un dîner avec les propriétaires.</p>','D\'après l\'article, à quoi les internautes sont-ils encouragés&nbsp;?',21,'2026-07-22 23:02:08');
INSERT INTO `tcf_ce_questions` (`id`, `exam_id`, `sort_order`, `situation`, `question_text`, `points`, `created_at`) VALUES (533,5,25,'<p>Sandrine Mercier et Michel Fonivicn ont le voyage dans la peau. Les deux journalistes ont longtemps exploré le monde avant d\'écrire un livre ensemble. <em>Ils sont partis vivre ailleurs</em> est constitué des histoires d\'une trentaine d\'expatriés et d\'autant de destins et de trajectoires.</p><p>Les auteurs sont allés chercher des personnages tous très différents, mais toujours touchants et sincères en racontant leurs parcours lointains&nbsp;: rappel du large, les premiers pas, les déceptions, le rapport à la France, la découverte des autres… c\'est certainement ce qui unit tous ces Français du bout du monde&nbsp;; par-delà leurs différences et leurs expériences&nbsp;: une ouverture d\'esprit, une volonté de partager et au final une richesse et une joie de vivre communicatives.</p>','D\'après l\'auteur de cet article, quelle est la particularité de cet ouvrage&nbsp;?',21,'2026-07-22 23:02:08');
INSERT INTO `tcf_ce_questions` (`id`, `exam_id`, `sort_order`, `situation`, `question_text`, `points`, `created_at`) VALUES (534,5,26,'<p>Longtemps délaissées, les algues semblent peu à peu séduire les consommateurs.</p><p>En raison de leur confusion avec les algues vertes qui polluent le littoral, ces légumes de mer sont parfois mal considérés. Pourtant, si les algues ne font pas encore partie de notre univers culturel alimentaire, leur consommation est en progression. «&nbsp;Les Occidentaux sont-ils prêts à en faire un produit courant&nbsp;?&nbsp;» questionne le docteur Arnaud Cacoul. Pas sûr. «&nbsp;Malgré leurs bienfaits nutritionnels, leur consommation restera sans doute limitée&nbsp;», estime ce nutritionniste.</p>','Quelle place occupent les algues en France&nbsp;?',21,'2026-07-22 23:02:08');
INSERT INTO `tcf_ce_questions` (`id`, `exam_id`, `sort_order`, `situation`, `question_text`, `points`, `created_at`) VALUES (535,5,27,'<p>Depuis plusieurs années, Thierry Marc, un grand chef français, intervient pour donner des cours de cuisine en prison. Faire découvrir à ce public, contraint de vivre en milieu fermé, qu\'une profession, quelle qu\'elle soit, peut être épanouissante, est une tâche qui le passionne et nécessite très naturellement une grande énergie. Le désir de rallumer cette lueur d\'espoir, de montrer «&nbsp;qu\'après&nbsp;», il peut y avoir une réinsertion réussie et que chacun la porte en lui, est un moteur pour relever ce défi.</p>','Pourquoi Thierry Marc intervient-il dans les prisons&nbsp;?',21,'2026-07-22 23:02:08');
INSERT INTO `tcf_ce_questions` (`id`, `exam_id`, `sort_order`, `situation`, `question_text`, `points`, `created_at`) VALUES (536,5,28,'<p>L\'institution scolaire devra sans cesse être défendue, ne serait-ce que parce que la «&nbsp;société civile&nbsp;» n\'aura de cesse de vouloir assujettir l\'école à ses demandes particulières. Il faut sans cesse rappeler, par exemple, que les règles de l\'école ne sont pas celles de la maison. Car l\'enfant n\'y est plus seulement un enfant, il y est un élève. À l\'école, on ne se préoccupe plus du confort et de l\'affection pour l\'enfant. On s\'adresse à l\'intelligence de l\'élève.</p><p>Le rapport maître/élève n\'est d\'ailleurs pas un rapport affectif&nbsp;: on ne demande pas à un professeur d\'être sympathique. On lui demande d\'être exigeant et juste.</p>','Quelle est l\'opinion de l\'auteur&nbsp;?',21,'2026-07-22 23:02:08');
INSERT INTO `tcf_ce_questions` (`id`, `exam_id`, `sort_order`, `situation`, `question_text`, `points`, `created_at`) VALUES (537,5,29,'<p>Durant les investigations journalistiques, le recours à la caméra cachée est de plus en plus fréquent. Mais souvent, son utilisation n\'est aussi qu\'un cache-misère, un moyen de compenser l\'absence d\'informations dans les reportages, de remplir le vide par des scènes un peu spectaculaires. C\'est une manière pour certains aussi de faire des économies.</p><p>Par ailleurs, cette pratique pose une autre question&nbsp;: celle du statut de la personne filmée à son insu. La filmer en caméra cachée, n\'est-ce pas supposer qu\'elle a quelque chose à se reprocher avant d\'avoir commencé à parler&nbsp;?</p>','D\'après ce texte, pourquoi les journalistes utilisent-ils des caméras cachées&nbsp;?',21,'2026-07-22 23:02:08');
INSERT INTO `tcf_ce_questions` (`id`, `exam_id`, `sort_order`, `situation`, `question_text`, `points`, `created_at`) VALUES (538,5,30,'<p>Trouver un logement dans une ville étudiante est un parcours du combattant pour un grand nombre d\'inscrits dans l\'enseignement supérieur. La barrière est parfois infranchissable. Non seulement les loyers sont élevés, mais la sélection des candidats par les propriétaires est très dure, souvent basée sur le niveau de revenus des garants. Pour lever ce frein, la caution locative étudiante (CLE) vient d\'être généralisée à l\'ensemble du territoire national après avoir été expérimentée dans quatre régions pendant un an. Avec ce dispositif, c\'est l\'État qui se porte garant du versement des loyers des étudiants en cas de non-paiement.</p>','Quel est le principal obstacle à l\'accès au logement des étudiants selon cette analyse&nbsp;?',26,'2026-07-22 23:02:08');
INSERT INTO `tcf_ce_questions` (`id`, `exam_id`, `sort_order`, `situation`, `question_text`, `points`, `created_at`) VALUES (539,5,31,'<p>Après avoir été fermée au public pendant douze ans, la grotte préhistorique d\'Atlantica, située en Espagne, doit rouvrir ses portes, mais de manière expérimentale. Il s\'agit d\'une expérience réservée à un groupe de cinq personnes tirées au hasard parmi les visiteurs du musée du site, qui vont pouvoir contempler les peintures rupestres originales. Cette expérience se déroulera une fois par semaine pendant huit mois afin de permettre à une équipe de scientifiques d\'évaluer l\'impact des visites sur l\'ensemble du site et de donner son avis sur une réouverture complète.</p>','Qu\'évoque-t-on dans cet article&nbsp;?',26,'2026-07-22 23:02:08');
INSERT INTO `tcf_ce_questions` (`id`, `exam_id`, `sort_order`, `situation`, `question_text`, `points`, `created_at`) VALUES (540,5,32,'<p>Pas de clash ni de portes qui claquent. À l\'issue de la deuxième conférence sociale, le gouvernement peut au moins se réjouir de ce résultat. Les représentants du patronat et des syndicats n\'ont pas applaudi à tout rompre l\'intervention du premier ministre, mais il n\'y avait pas non plus eu de fâcherie comme celle qui avait marqué la première conférence. Si certains se sont dits déçus par la minceur des annonces que le premier ministre a dévoilées ou par les zones de flou qui règnent sur plusieurs dossiers brûlants — les retraites en tête —, personne n\'a non plus eu vent de colères. Il faut dire que pendant deux jours, ministres et conseillers se sont échinés à repousser les points qui fâchent à plus tard.</p>','Quel a été l\'aboutissement de la conférence&nbsp;?',26,'2026-07-22 23:02:08');
INSERT INTO `tcf_ce_questions` (`id`, `exam_id`, `sort_order`, `situation`, `question_text`, `points`, `created_at`) VALUES (541,5,33,'<p>«&nbsp;Des taxes vertes&nbsp;» ou taxes carbone sont envisagées pour faire face aux financements nécessaires d\'énergies non polluantes. Les mécanismes prévus dans le protocole de Kyoto concernent notamment un crédit carbone qui représente un volume d\'émission de gaz à effet de serre (GES) évité et des permis d\'émission négociables. Le crédit carbone est doté d\'une valeur marchande et s\'échange entre pays industrialisés. Un pays n\'arrivant pas à atteindre son objectif de réduction des GES pourrait acheter des crédits carbone à un autre qui aurait dépassé son objectif. Ce système a été parfois qualifié de permis à polluer, car un pays riche pourrait acheter le droit de polluer à un autre ayant réellement réduit ses émissions.</p>','Quel est le paradoxe de la taxe carbone&nbsp;?',26,'2026-07-22 23:02:08');
INSERT INTO `tcf_ce_questions` (`id`, `exam_id`, `sort_order`, `situation`, `question_text`, `points`, `created_at`) VALUES (542,5,34,'<p>Quel visage Paris pourrait-il prendre en 2100&nbsp;? C\'est ce que le collectif d\'architectes «&nbsp;Et alors&nbsp;» a imaginé au travers de vingt cartes postales géantes, exposées à Paris. Ce qui donne un résultat surprenant, parfois utopique, parfois réaliste.</p><p>Ainsi l\'idée d\'une centrale hydrothermique pour chauffer et refroidir tout un quartier, projet de la compagnie parisienne du chauffage urbain. Des potagers «&nbsp;partagés&nbsp;» au pied des immeubles en plein centre-ville, cela ressemble plus à un clin d\'œil malicieux… Le vélo a également la part belle&nbsp;:</p><p>Les architectes imaginent des voies rapides sur les toits de Paris, au milieu de toitures végétalisées et de jardins.</p>','Quel projet est présenté comme réaliste&nbsp;?',26,'2026-07-22 23:02:08');
INSERT INTO `tcf_ce_questions` (`id`, `exam_id`, `sort_order`, `situation`, `question_text`, `points`, `created_at`) VALUES (543,5,35,'<p>Il faut se rendre à l\'évidence&nbsp;: le «&nbsp;jour&nbsp;» n\'est plus l\'unité de temps d\'un journal. Un quotidien papier ne peut pas rivaliser avec la vitesse à laquelle les sites, les blogs, les réseaux sociaux, les journaux en ligne, les radios et télés, les «&nbsp;news&nbsp;» des grands serveurs diffusent les nouvelles du jour. Aussi, au moment où il est en kiosques, se condamne-t-il à apparaître comme «&nbsp;le journal de la veille&nbsp;», perdant progressivement ses lecteurs qui, bombardés de scoops tous azimuts, sont déçus de n\'y trouver que ce qu\'ils savent déjà.</p>','Quelle est la position de l\'auteur de l\'article&nbsp;?',26,'2026-07-22 23:02:08');
INSERT INTO `tcf_ce_questions` (`id`, `exam_id`, `sort_order`, `situation`, `question_text`, `points`, `created_at`) VALUES (544,5,36,'<p>Un vingt-sixième album de Françoise Hardy. <em>La pluie sans parapluie</em> est forcément un événement. On sait que le public qui achète encore des disques passe volontairement à la caisse, pour montrer sa fidélité, ou simplement son envie de vibrer avec cette voix unique et si familière avec laquelle elle semble d\'ailleurs plus en confiance que jamais. Elle module, appuie, interprète, joue avec souplesse de son phrasé, alors que les aficionados se contenteraient juste de ce grain unique et révéré. C\'est un album pour ceux qui ont le temps, qui ne consomment pas la musique en tant qu\'application sonore de la vie actuelle. Il faut se retrancher pour en saisir la saveur et la goûter. Un disque comme autrefois, avec un son soigné et de l\'émotion. Mais surtout une élégance comme on n\'en fait plus&nbsp;!</p>','Selon le journaliste, quel type de public pourrait s\'intéresser au dernier album de F. Hardy&nbsp;?',33,'2026-07-22 23:02:08');
INSERT INTO `tcf_ce_questions` (`id`, `exam_id`, `sort_order`, `situation`, `question_text`, `points`, `created_at`) VALUES (545,5,37,'<p>Dans leur nouvelle collection, les éditions Nil invitent des auteurs à se livrer à un exercice épistolaire intime en écrivant une lettre pour dire l\'indicible. Le modèle est celle que Kafka rédigea à l\'intention de son père et qu\'il préféra ranger dans un tiroir tant l\'accusation portée était peu amène. Avec <em>L\'autre fille</em>, missive adressée à sa sœur aînée, morte avant sa naissance, Annie Ernaux inaugure brillamment le concept, fidèle à son écriture tranchante et analytique. Rejetant la théorie de l\'autofiction, l\'écrivain se dit fascinée par la réalité, partant à la recherche d\'une vérité sur une mort que ses parents lui ont toujours cachée. En demandant à des auteurs de se libérer d\'un vieux tourment, la collection souhaite réhabiliter un genre littéraire oublié.</p>','À quel résultat la participation à cette collection conduit-elle Annie Ernaux&nbsp;?',33,'2026-07-22 23:02:08');
INSERT INTO `tcf_ce_questions` (`id`, `exam_id`, `sort_order`, `situation`, `question_text`, `points`, `created_at`) VALUES (546,5,38,'<p>Les méfiances à l\'égard de la gratuité des transports collectifs demeurent fortes. Sans surprise, l\'Union des transports publics affiche son hostilité. Trop onéreuse, ne facilitant pas le report de la voiture vers les transports collectifs, menaçant la qualité de service, la gratuité pour tous ne répondrait pas aux objectifs de développement d\'un réseau de transport.</p><p>Selon l\'UTP, la gratuité est une «&nbsp;fausse bonne idée&nbsp;» qui «&nbsp;induit des déplacements inutiles, encourage l\'étalement urbain et prive de ressources le système de transport au moment où la clientèle augmente et où les recettes fiscales des collectivités diminuent&nbsp;». Elle lui préfère le système de tarification spéciale pour les jeunes, les sans-emplois ou les familles nombreuses.</p>','Pourquoi la gratuité des transports publics est-elle critiquée&nbsp;?',33,'2026-07-22 23:02:08');
INSERT INTO `tcf_ce_questions` (`id`, `exam_id`, `sort_order`, `situation`, `question_text`, `points`, `created_at`) VALUES (547,5,39,'<p>Depuis l\'adolescence, je fréquente assidûment les dictionnaires.</p><p>Chaque fois que je bute sur un mot, que je suis dans le flou culturel, ils m\'apportent la réponse et ouvrent de nouveaux horizons à ma curiosité en me renvoyant souvent à d\'autres ouvrages. Je possède une centaine et chacun est une bibliothèque à lui seul. Tous sont autant de béquilles de ma culture&nbsp;: par exemple, quand vous cherchez le mot juste, rien de tel qu\'un dictionnaire des synonymes&nbsp;! On ouvre un dictionnaire pour se renseigner sur une question précise comme on brasse la notice d\'un produit pharmaceutique destiné à soigner ceci ou cela et de self-service de la pensée.</p>','Pourquoi Jean-Claude aime-t-il les dictionnaires&nbsp;?',33,'2026-07-22 23:02:08');
INSERT INTO `tcf_ce_questions` (`id`, `exam_id`, `sort_order`, `situation`, `question_text`, `points`, `created_at`) VALUES (548,6,1,'<p>Chers Amis,</p><p>Nous sommes heureux de vous annoncer l\'arrivée d\'un nouveau membre dans notre famille. Il se nomme Adrien et a vu le jour le 1<sup>er</sup> septembre au matin.</p><p>Bien à vous.</p>','De quel évènement s\'agit-il&nbsp;?',3,'2026-07-22 23:02:08');
INSERT INTO `tcf_ce_questions` (`id`, `exam_id`, `sort_order`, `situation`, `question_text`, `points`, `created_at`) VALUES (549,6,2,'<p>Désolée, je ne viens pas aux cours de français et je ne peux pas travailler à la bibliothèque avec toi aujourd\'hui. Je suis malade et je reste à la maison.</p><p>À bientôt,</p><p><strong>Sandra</strong></p>','Qu\'est-ce que Sandra fait&nbsp;?',3,'2026-07-22 23:02:08');
INSERT INTO `tcf_ce_questions` (`id`, `exam_id`, `sort_order`, `situation`, `question_text`, `points`, `created_at`) VALUES (550,6,3,'<p>J\'ai une réunion jusqu\'à 19&nbsp;h&nbsp;30. Tu peux réserver nos places au cinéma pour un film après 20&nbsp;h&nbsp;?</p><p>Merci</p><p><strong>Lucie</strong></p>','Que veut faire Lucie après 19&nbsp;h&nbsp;30&nbsp;?',3,'2026-07-22 23:02:08');
INSERT INTO `tcf_ce_questions` (`id`, `exam_id`, `sort_order`, `situation`, `question_text`, `points`, `created_at`) VALUES (551,6,4,'<p><strong>SAMEDI</strong></p><ul><li><strong>Marthe</strong>&nbsp;: 12&nbsp;h—13&nbsp;h&nbsp;: Cours de natation</li><li><strong>Djamel</strong>&nbsp;: 11&nbsp;h—13&nbsp;h&nbsp;: Révision avec Claire</li></ul><p><strong>DIMANCHE</strong></p><ul><li><strong>Marthe</strong>&nbsp;: 8&nbsp;h—9&nbsp;h&nbsp;: Course avec Claire</li><li><strong>Djamel</strong>&nbsp;: 14&nbsp;h—18&nbsp;h&nbsp;: Répétition</li></ul>','Que fait Marthe le samedi à 12 heures&nbsp;?',3,'2026-07-22 23:02:08');
INSERT INTO `tcf_ce_questions` (`id`, `exam_id`, `sort_order`, `situation`, `question_text`, `points`, `created_at`) VALUES (552,6,5,'<p>Une société de production <strong>RECHERCHE</strong> pour faire de la <strong>FIGURATION</strong> dans un film sur le thème parents/enfants, de jeunes mères confrontées à l\'éducation de leurs enfants.</p>','Que recherche la société de production&nbsp;?',9,'2026-07-22 23:02:08');
INSERT INTO `tcf_ce_questions` (`id`, `exam_id`, `sort_order`, `situation`, `question_text`, `points`, `created_at`) VALUES (553,6,6,'<p><strong>À Héloïse</strong></p><p>Héloïse, quand tu viendras chez moi, pense à prendre des vêtements chauds. À la montagne, en hiver, il fait très froid&nbsp;! Je t\'ai envoyé les horaires du bus par SMS. Appelle-moi ce soir quand tu rentres du travail. Vivement les vacances&nbsp;!</p><p>Bises</p><p><strong>Sam</strong></p>','Que doit faire Héloïse&nbsp;?',9,'2026-07-22 23:02:08');
INSERT INTO `tcf_ce_questions` (`id`, `exam_id`, `sort_order`, `situation`, `question_text`, `points`, `created_at`) VALUES (554,6,7,'<p>Salut Samira,</p><p>La fête du cinéma commence samedi prochain, ça t\'intéresse&nbsp;? Viens chez moi après le travail vendredi, on choisira ce qu\'on ira voir samedi ou dimanche.</p><p>Réponds-moi vite&nbsp;!</p><p><strong>Lali</strong></p>','Que veut faire Lali&nbsp;?',9,'2026-07-22 23:02:08');
INSERT INTO `tcf_ce_questions` (`id`, `exam_id`, `sort_order`, `situation`, `question_text`, `points`, `created_at`) VALUES (555,6,8,'<p><strong>ÉCOLE FERRANDI</strong></p><p>Les parents peuvent venir chercher leurs enfants après les cours du matin et du soir sauf si les enfants mangent à l\'école ou s\'ils font des activités après la classe. Tous les enfants doivent avoir quitté l\'école à 18&nbsp;h.</p><p><strong>P. Guignoux</strong></p>','De quoi parle le directeur&nbsp;?',9,'2026-07-22 23:02:08');
INSERT INTO `tcf_ce_questions` (`id`, `exam_id`, `sort_order`, `situation`, `question_text`, `points`, `created_at`) VALUES (556,6,9,'<p>Que puis-je dire de ce documentaire, moi qui pleure depuis tant d\'années sur le manque de saveur de ce que je mange&nbsp;? Je me rappelle du bon goût des pêches et des abricots&nbsp;! Je comprends mieux la majorité des agriculteurs&nbsp;: ils ne mangeraient pas ce qu\'ils vendent, c\'est fou&nbsp;! J\'ai apprécié d\'avoir le point de vue des différentes personnes concernées&nbsp;: agriculteurs, consommateurs, enseignants, cuisiniers.</p>','Quel est le thème du documentaire&nbsp;?',9,'2026-07-22 23:02:08');
INSERT INTO `tcf_ce_questions` (`id`, `exam_id`, `sort_order`, `situation`, `question_text`, `points`, `created_at`) VALUES (557,6,10,'<p>Vous mangez italien, dansez le flamenco ou apprenez le suédois&nbsp;?</p><p>Partagez vos prises de vue (portraits, paysages, etc.) qui montrent que l\'Europe fait partie de votre vie.</p><p>Participez au concours «&nbsp;Europe en images&nbsp;».</p><p><strong>À GAGNER</strong>&nbsp;: un séjour à Bruxelles ou un atelier de cuisine.</p>','Que propose ce concours&nbsp;?',9,'2026-07-22 23:02:08');
INSERT INTO `tcf_ce_questions` (`id`, `exam_id`, `sort_order`, `situation`, `question_text`, `points`, `created_at`) VALUES (558,6,11,'<p>L\'école Jean Monnet organise sa «&nbsp;Journée Portes Ouvertes&nbsp;» samedi prochain, de 9&nbsp;h&nbsp;00 à 16&nbsp;h&nbsp;00. Tous les parents d\'élèves sont invités. Ce sera l\'occasion de rencontrer les professeurs et l\'équipe administrative qui se tiennent prêts à répondre à vos questions.</p><p><strong>La direction de l\'école J. Monnet</strong></p>','Que pourront faire les parents pendant cette journée&nbsp;?',15,'2026-07-22 23:02:08');
INSERT INTO `tcf_ce_questions` (`id`, `exam_id`, `sort_order`, `situation`, `question_text`, `points`, `created_at`) VALUES (559,6,12,'<p>On savait déjà que le chocolat était bon pour la tension. Les scientifiques affirment maintenant «&nbsp;qu\'une consommation de chocolat pourrait être une stratégie efficace de protection contre les rayons du soleil&nbsp;». Pour cela, il n\'est pas nécessaire de recouvrir son corps de cacao&nbsp;: d\'après les chercheurs, il suffirait de consommer trois carrés par jour pour bénéficier des bienfaits du chocolat. Cela n\'empêche pas de se protéger avec de la crème solaire et d\'avoir une bonne alimentation.</p>','Que conseillent ces chercheurs pour se protéger du soleil&nbsp;?',15,'2026-07-22 23:02:08');
INSERT INTO `tcf_ce_questions` (`id`, `exam_id`, `sort_order`, `situation`, `question_text`, `points`, `created_at`) VALUES (560,6,13,'<p>Adoptées séparément à la naissance, des jumelles indonésiennes se sont retrouvées 29 ans plus tard en Suède. Elles habitaient à 40&nbsp;km l\'une de l\'autre mais ne le savaient pas. Leurs parents adoptifs avaient été informés de leur lien de parenté mais avaient arrêté leurs recherches. C\'est un message posté sur Facebook par l\'une des jumelles qui a permis leur rencontre. Elles sont l\'une et l\'autre enseignantes&nbsp;!</p>','Qu\'est-ce que ces jumelles ont en commun&nbsp;?',15,'2026-07-22 23:02:08');
INSERT INTO `tcf_ce_questions` (`id`, `exam_id`, `sort_order`, `situation`, `question_text`, `points`, `created_at`) VALUES (561,6,14,'<p>«&nbsp;Avec un Master Commerce en poche, je ne pensais pas qu\'il serait à ce point difficile de trouver mon premier emploi. Et pourtant… quel chemin semé d\'embûches&nbsp;! Tout le monde me disait «&nbsp;Ne t\'inquiète pas, dans deux ou trois mois tu auras trouvé&nbsp;!&nbsp;» Sept mois plus tard, toujours rien en vue. À 26 ans, je me retrouve sans emploi, toujours chez mes parents. L\'avenir&nbsp;? Je le vois ailleurs, je prépare activement mon départ pour l\'Angleterre.&nbsp;»</p><p>Amandine n\'est pas une exception chez les jeunes. Les diplômes ne suffisent plus à assurer une situation stable en France et beaucoup de jeunes décident de partir à l\'étranger pour obtenir un emploi.</p>','De quoi est-il question dans cet article&nbsp;?',15,'2026-07-22 23:02:08');
INSERT INTO `tcf_ce_questions` (`id`, `exam_id`, `sort_order`, `situation`, `question_text`, `points`, `created_at`) VALUES (562,6,15,'<p><strong>Pour ou contre les devoirs&nbsp;?</strong></p><p>Une école donne sa réponse en accueillant chaque lundi, de 17 à 18 heures, les élèves qui peuvent revenir en classe faire leurs devoirs avec leur enseignant… et leurs parents. Ainsi, un dialogue s\'instaure entre enseignants, parents et élèves. Le directeur relève un autre avantage&nbsp;: les devoirs sont bien faits. Mais les devoirs alourdissent des journées déjà longues. Avec six heures de cours, quatre jours par semaine, l\'écolier français décroche la première place sur le podium de la fatigue.</p>','Que propose cette école&nbsp;?',15,'2026-07-22 23:02:08');
INSERT INTO `tcf_ce_questions` (`id`, `exam_id`, `sort_order`, `situation`, `question_text`, `points`, `created_at`) VALUES (563,6,16,'<p>Pour permettre à tous un accès égal au sport, la maison départementale des personnes handicapées offre d\'accompagner ceux qui sont en situation de handicap dans leurs projets de loisirs sportifs. Ce service propose une aide dans le choix d\'une activité, la recherche de clubs capables de les accueillir et si besoin, un accompagnement dans le premier contact avec l\'association. Il s\'agit de partir des besoins, des envies et des possibilités de la personne, pour construire avec elle son projet sportif adapté.</p>','Que propose la maison départementale&nbsp;?',15,'2026-07-22 23:02:08');
INSERT INTO `tcf_ce_questions` (`id`, `exam_id`, `sort_order`, `situation`, `question_text`, `points`, `created_at`) VALUES (564,6,17,'<p><strong>COMMENT APPRENDRE UNE LANGUE ÉTRANGÈRE</strong></p><p>Existe-t-il un âge critique au-delà duquel on ne peut plus jamais atteindre le niveau d\'un locuteur natif&nbsp;? Ce sujet fait l\'objet de nombreux débats. Plus on est jeune, plus on a d\'appétit pour découvrir le monde. L\'apprentissage d\'une langue, quelle qu\'elle soit, est donc plus simple, mais il y a également une composante sociale. On se comporte avec l\'enfant d\'une manière bien particulière, que l\'on ne peut reproduire avec un adolescent ou un adulte.</p>','D\'après cet extrait, qu\'est-ce qui favorise chez les enfants l\'apprentissage d\'une langue étrangère&nbsp;?',15,'2026-07-22 23:02:08');
INSERT INTO `tcf_ce_questions` (`id`, `exam_id`, `sort_order`, `situation`, `question_text`, `points`, `created_at`) VALUES (565,6,18,'<p>La question de l\'orientation est fondamentale et se pose inévitablement au moment de commencer des études universitaires. Comment faire le bon choix&nbsp;? Sur quelles bases&nbsp;? Quel parcours sera le mieux adapté à la personnalité scolaire et psychologique, aux capacités de l\'étudiant&nbsp;? Un livre, édité par le magazine <em>l\'Étudiant</em>, propose une démarche progressive qui aide à définir un projet en fonction des goûts et d\'un objectif professionnel.</p>','Que peut-on trouver dans ce livre&nbsp;?',15,'2026-07-22 23:02:08');
INSERT INTO `tcf_ce_questions` (`id`, `exam_id`, `sort_order`, `situation`, `question_text`, `points`, `created_at`) VALUES (566,6,19,'<p>Madame Mansion,</p><p>Suite à notre conversation téléphonique pour le travail de secrétaire, nous aimerions vous rencontrer jeudi prochain à 10&nbsp;h&nbsp;00 dans nos bureaux. Il faudra apporter une photocopie de votre carte d\'identité et de vos diplômes. Merci de nous rappeler pour confirmer.</p><p>Cordialement,</p><p><strong>Mathieu Leroux</strong><br>Directeur du service des ressources humaines</p>','Que doit faire Mme Mansion&nbsp;?',15,'2026-07-22 23:02:08');
INSERT INTO `tcf_ce_questions` (`id`, `exam_id`, `sort_order`, `situation`, `question_text`, `points`, `created_at`) VALUES (567,6,20,'<p>Chers Valérie et Serge,</p><p>Que vos projets immobiliers voient enfin le jour avec cette année qui débute&nbsp;! Qu\'elle vous apporte la joie de déménager à Nancy comme vous le souhaitez, mais aussi, à tous les niveaux, réussite et beaucoup de bonheur&nbsp;!</p><p>J\'espère que nous aurons le temps de nous voir plus souvent et de partir à nouveau en vacances ensemble&nbsp;: notre séjour en Corse reste un merveilleux souvenir pour moi.</p><p>Je vous embrasse,</p><p><strong>Elisa</strong></p>','Quel est le but de cette lettre&nbsp;?',21,'2026-07-22 23:02:08');
INSERT INTO `tcf_ce_questions` (`id`, `exam_id`, `sort_order`, `situation`, `question_text`, `points`, `created_at`) VALUES (568,6,21,'<p>Les bons vieux bancs verts sur les trottoirs parisiens ont de la concurrence. Depuis le mois de décembre, sur certains boulevards, un nouveau mobilier urbain a fait son apparition, avec 12 modèles de banquettes, chaises et tabourets. Pour la première fois, la ville de Paris recueille l\'avis des usagers et des riverains. Le traditionnel banc en fonte et bois a-t-il encore de l\'avenir au milieu de ce mobilier futuriste&nbsp;?</p>','Quelle est l\'originalité de ce projet&nbsp;?',21,'2026-07-22 23:02:08');
INSERT INTO `tcf_ce_questions` (`id`, `exam_id`, `sort_order`, `situation`, `question_text`, `points`, `created_at`) VALUES (569,6,22,'<p>Le smartphone participe à l\'entretien d\'un lien pathologique de plus en plus répandu, le désir de mainmise des parents sur les adolescents. La crise d\'adolescence confronte les parents au désir d\'autonomie de l\'adolescent et les oblige à faire le deuil de leur position de parent. Cela suppose qu\'ils lâchent prise et fassent confiance à leur enfant. Mais de plus en plus de parents souhaitent que leur ado reste à la maison. Le smartphone, qui permet de rester en lien avec ses copains, arrange donc les parents.</p>','Quel est le constat fait par l\'auteur à propos des smartphones&nbsp;?',21,'2026-07-22 23:02:08');
INSERT INTO `tcf_ce_questions` (`id`, `exam_id`, `sort_order`, `situation`, `question_text`, `points`, `created_at`) VALUES (570,6,23,'<p><strong>Les Arts Premiers au Musée</strong></p><p>Si cette reconnaissance sonne comme un cri de victoire, c\'est qu\'elle marque l\'issue d\'un combat idéaliste qui n\'a fait d\'autres victimes que l\'arrogance et les préjugés. Le signal en fut donné par Guillaume Apollinaire en 1909&nbsp;: «&nbsp;le Louvre devrait recueillir certains chefs-d\'œuvre exotiques dont l\'aspect n\'est pas moins émouvant que celui des beaux spécimens de la statuaire occidentale.&nbsp;» Près d\'un siècle plus tard, le vœu du poète est enfin comblé&nbsp;: plus d\'une centaine de sculptures primitives d\'Afrique, d\'Asie, d\'Océanie et des Amériques, jusqu\'alors confinées dans des réserves ethnographiques, prennent place dans le temps de l\'Art, jusqu\'alors réservé à l\'Europe et à ses sources.</p>','Cet événement est présenté comme…',21,'2026-07-22 23:02:08');
INSERT INTO `tcf_ce_questions` (`id`, `exam_id`, `sort_order`, `situation`, `question_text`, `points`, `created_at`) VALUES (571,6,24,'<p>Quelles sont les forces dont disposait l\'Homme pour conquérir l\'hégémonie sur la planète&nbsp;?</p><p>L\'Homme est dépourvu de moyens physiques, il n\'a ni crocs, ni griffes, ni armure&nbsp;; il est chétif, fragile et vulnérable. Mais, d\'une part, il prime tous ses autres compagnons de vie par la puissance de son cerveau&nbsp;; d\'autre part, il est attiré par ses semblables, il tend à faire groupe avec les autres individus de son espèce, et ce sont ces tendances sociales qui, multipliant l\'Homme par lui-même, lui ont donné le moyen d\'atteindre à de si prodigieux résultats dans le domaine du savoir comme dans celui du pouvoir.</p>','Qu\'est-ce qui a permis à l\'espèce humaine de conquérir le monde, à part son intelligence&nbsp;?',21,'2026-07-22 23:02:08');
INSERT INTO `tcf_ce_questions` (`id`, `exam_id`, `sort_order`, `situation`, `question_text`, `points`, `created_at`) VALUES (572,6,25,'<p>Le témoignage de Maud est très représentatif de la vie étudiante actuelle&nbsp;:</p><p>«&nbsp;J\'ai cherché un logement près de la fac. J\'ai trouvé un studio à 600&nbsp;$ par mois. Mon père me donne 500 par mois. Je dois travailler comme surveillante dans un lycée. Les fins de mois sont difficiles, mais mon dossier d\'allocation logement vient d\'être accepté. Finalement&nbsp;? J\'ai de la chance&nbsp;!&nbsp;»</p>','Pourquoi Maud pense-t-elle avoir de la chance&nbsp;?',21,'2026-07-22 23:02:08');
INSERT INTO `tcf_ce_questions` (`id`, `exam_id`, `sort_order`, `situation`, `question_text`, `points`, `created_at`) VALUES (573,6,26,'<p>Le rapport de l\'Agence internationale de l\'énergie se concentre sur les données de la dernière conférence climatique. Il contient une information intéressante&nbsp;: d\'après l\'agence, les réserves mondiales de gaz sont plus importantes que prévues. Le marché mondial serait même sous la menace d\'un excédent massif, en raison de l\'essor de la production américaine et d\'une chute de la demande liée à la crise.</p>','Qu\'a révélé le rapport de l\'agence internationale de l\'énergie&nbsp;?',21,'2026-07-22 23:02:08');
INSERT INTO `tcf_ce_questions` (`id`, `exam_id`, `sort_order`, `situation`, `question_text`, `points`, `created_at`) VALUES (574,6,27,'<p>Une étude récente révèle que la concentration de déchets plastiques flottant à la surface du Pacifique nord a été multipliée par cent en quarante ans. Ce constat, émis par les pêcheurs en haute mer, est alarmant car cette pollution a des conséquences écologiques. La gigantesque plaque de déchets flottant sur l\'océan Pacifique, épaisse par endroits de plusieurs dizaines de mètres, constitue un milieu favorable à la reproduction d\'une espèce d\'araignée d\'eau. Cet insecte est en train de se multiplier dans le Pacifique nord. Si la densité des plastiques continue à augmenter, certaines espèces pourraient continuer à se multiplier, risquant de déséquilibrer l\'écosystème du Pacifique.</p>','Quel danger représentent ces déchets&nbsp;?',21,'2026-07-22 23:02:08');
INSERT INTO `tcf_ce_questions` (`id`, `exam_id`, `sort_order`, `situation`, `question_text`, `points`, `created_at`) VALUES (575,6,28,'<p>Avez-vous déjà observé des familles en train de remplir des sachets de bonbons sur un stand de confiserie&nbsp;? Un chercheur américain a montré qu\'elles en achètent plus quand les bonbons sont de couleurs différentes. De nombreuses observations similaires prouvent que les entreprises agroalimentaires connaissent nos comportements et la manière dont nous prenons certaines de nos décisions. Par exemple, elles exploitent notre préférence innée pour le sucre, à tous les âges. Elles savent que l\'éducation nutritionnelle des enfants et des jeunes est défaillante dans certaines familles et en profitent.</p>','Que dénonce l\'auteur de cet article&nbsp;?',21,'2026-07-22 23:02:08');
INSERT INTO `tcf_ce_questions` (`id`, `exam_id`, `sort_order`, `situation`, `question_text`, `points`, `created_at`) VALUES (576,6,29,'<p>L\'étendue et la variété des invités reçus par le Parlement Européen ne cessent d\'étonner. Prix Nobel, stars de série télé, grand maître des échecs… Cette diversité n\'a d\'égale que l\'éclectisme des sujets préparés et débattus au sein de l\'hémicycle&nbsp;: la situation dans des pays en guerre, les relations entre pays, les changements climatiques… Bien évidemment, ces personnalités connues et reconnues ne sont pas choisies pour les paillettes et le strass qu\'elles peuvent, parfois, véhiculer, mais parce qu\'elles ont une expertise reconnue ou un message à délivrer.</p>','À quoi réfère le terme «&nbsp;diversité&nbsp;» dans le texte&nbsp;?',21,'2026-07-22 23:02:08');
INSERT INTO `tcf_ce_questions` (`id`, `exam_id`, `sort_order`, `situation`, `question_text`, `points`, `created_at`) VALUES (577,6,30,'<p>Parcourir les routes d\'Europe l\'été, beaucoup de touristes le font sans forcément connaître les règles en vigueur dans chacun des pays. Ce qu\'il faut savoir, c\'est qu\'il existe des différences qui peuvent être notables selon les législations. Alors que la vitesse maximale sur autoroute est de 130&nbsp;km/h en France, elle n\'est que de 120&nbsp;km/h en Belgique, en Espagne ou au Portugal. Quant au taux d\'alcoolémie toléré, il varie de 0,8&nbsp;g/l en Irlande à zéro en République tchèque.</p>','Que fait l\'auteur de cet article&nbsp;?',26,'2026-07-22 23:02:08');
INSERT INTO `tcf_ce_questions` (`id`, `exam_id`, `sort_order`, `situation`, `question_text`, `points`, `created_at`) VALUES (578,6,31,'<p>On s\'est habitué depuis belle lurette à ne plus rencontrer de poinçonneurs dans le métro ni de pompistes dans les stations-service. Mais la liste des professions en voie de disparition ne cesse de s\'allonger. Caissières dans les supermarchés, guichetiers dans les banques, hôtesses dans les cinémas… Tous remplacés par des machines&nbsp;? Pas si simple. Comme l\'analyse Thibaut Carpentier, directeur du cabinet de conseil Obstand, la tentation industrielle de réduire les frais de personnel est grande mais cette logique se heurte à celle des consommateurs qui ont du mal à se passer d\'une personne humaine. D\'ailleurs, toutes les entreprises concernées l\'ont bien compris&nbsp;: pas de suppression de postes mais des redéploiements avec élargissement des compétences.</p>','Quel obstacle rencontre l\'automatisation des services&nbsp;?',26,'2026-07-22 23:02:08');
/*!40000 ALTER TABLE `tcf_ce_questions` ENABLE KEYS */;
UNLOCK TABLES;

LOCK TABLES `tcf_ce_answers` WRITE;
/*!40000 ALTER TABLE `tcf_ce_answers` DISABLE KEYS */;
INSERT INTO `tcf_ce_answers` (`id`, `question_id`, `answer_key`, `answer_text`, `is_correct`, `sort_order`) VALUES (1877,470,'a','Il dort',0,0);
INSERT INTO `tcf_ce_answers` (`id`, `question_id`, `answer_key`, `answer_text`, `is_correct`, `sort_order`) VALUES (1878,470,'b','Il travaille',1,1);
INSERT INTO `tcf_ce_answers` (`id`, `question_id`, `answer_key`, `answer_text`, `is_correct`, `sort_order`) VALUES (1879,470,'c','Il joue',0,2);
INSERT INTO `tcf_ce_answers` (`id`, `question_id`, `answer_key`, `answer_text`, `is_correct`, `sort_order`) VALUES (1880,470,'d','Il mange',0,3);
INSERT INTO `tcf_ce_answers` (`id`, `question_id`, `answer_key`, `answer_text`, `is_correct`, `sort_order`) VALUES (1881,471,'a','Annoncer un changement',1,0);
INSERT INTO `tcf_ce_answers` (`id`, `question_id`, `answer_key`, `answer_text`, `is_correct`, `sort_order`) VALUES (1882,471,'b','Décrire un endroit',0,1);
INSERT INTO `tcf_ce_answers` (`id`, `question_id`, `answer_key`, `answer_text`, `is_correct`, `sort_order`) VALUES (1883,471,'c','Donner un rendez-vous',0,2);
INSERT INTO `tcf_ce_answers` (`id`, `question_id`, `answer_key`, `answer_text`, `is_correct`, `sort_order`) VALUES (1884,471,'d','Organiser une réunion',0,3);
INSERT INTO `tcf_ce_answers` (`id`, `question_id`, `answer_key`, `answer_text`, `is_correct`, `sort_order`) VALUES (1885,472,'a','Professionnelles',0,0);
INSERT INTO `tcf_ce_answers` (`id`, `question_id`, `answer_key`, `answer_text`, `is_correct`, `sort_order`) VALUES (1886,472,'b','Familiales',0,1);
INSERT INTO `tcf_ce_answers` (`id`, `question_id`, `answer_key`, `answer_text`, `is_correct`, `sort_order`) VALUES (1887,472,'c','Amicales',1,2);
INSERT INTO `tcf_ce_answers` (`id`, `question_id`, `answer_key`, `answer_text`, `is_correct`, `sort_order`) VALUES (1888,472,'d','Commerciales',0,3);
INSERT INTO `tcf_ce_answers` (`id`, `question_id`, `answer_key`, `answer_text`, `is_correct`, `sort_order`) VALUES (1889,473,'a','Il va avoir de nouveaux horaires',0,0);
INSERT INTO `tcf_ce_answers` (`id`, `question_id`, `answer_key`, `answer_text`, `is_correct`, `sort_order`) VALUES (1890,473,'b','Il va changer de propriétaire',0,1);
INSERT INTO `tcf_ce_answers` (`id`, `question_id`, `answer_key`, `answer_text`, `is_correct`, `sort_order`) VALUES (1891,473,'c','Il va déménager en septembre',0,2);
INSERT INTO `tcf_ce_answers` (`id`, `question_id`, `answer_key`, `answer_text`, `is_correct`, `sort_order`) VALUES (1892,473,'d','Il va fermer pendant l\'été',1,3);
INSERT INTO `tcf_ce_answers` (`id`, `question_id`, `answer_key`, `answer_text`, `is_correct`, `sort_order`) VALUES (1893,474,'a','Canadienne',0,0);
INSERT INTO `tcf_ce_answers` (`id`, `question_id`, `answer_key`, `answer_text`, `is_correct`, `sort_order`) VALUES (1894,474,'b','Espagnole',1,1);
INSERT INTO `tcf_ce_answers` (`id`, `question_id`, `answer_key`, `answer_text`, `is_correct`, `sort_order`) VALUES (1895,474,'c','Italienne',0,2);
INSERT INTO `tcf_ce_answers` (`id`, `question_id`, `answer_key`, `answer_text`, `is_correct`, `sort_order`) VALUES (1896,474,'d','Mexicaine',0,3);
INSERT INTO `tcf_ce_answers` (`id`, `question_id`, `answer_key`, `answer_text`, `is_correct`, `sort_order`) VALUES (1897,475,'a','Ils vont bientôt déménager',0,0);
INSERT INTO `tcf_ce_answers` (`id`, `question_id`, `answer_key`, `answer_text`, `is_correct`, `sort_order`) VALUES (1898,475,'b','Ils vont faire des travaux',1,1);
INSERT INTO `tcf_ce_answers` (`id`, `question_id`, `answer_key`, `answer_text`, `is_correct`, `sort_order`) VALUES (1899,475,'c','Ils vont organiser une soirée',0,2);
INSERT INTO `tcf_ce_answers` (`id`, `question_id`, `answer_key`, `answer_text`, `is_correct`, `sort_order`) VALUES (1900,475,'d','Ils vont recevoir de la visite',0,3);
INSERT INTO `tcf_ce_answers` (`id`, `question_id`, `answer_key`, `answer_text`, `is_correct`, `sort_order`) VALUES (1901,476,'a','La retraite de ses parents',0,0);
INSERT INTO `tcf_ce_answers` (`id`, `question_id`, `answer_key`, `answer_text`, `is_correct`, `sort_order`) VALUES (1902,476,'b','Son anniversaire de mariage',0,1);
INSERT INTO `tcf_ce_answers` (`id`, `question_id`, `answer_key`, `answer_text`, `is_correct`, `sort_order`) VALUES (1903,476,'c','Un nouveau logement',1,2);
INSERT INTO `tcf_ce_answers` (`id`, `question_id`, `answer_key`, `answer_text`, `is_correct`, `sort_order`) VALUES (1904,476,'d','Une création d’entreprise',0,3);
INSERT INTO `tcf_ce_answers` (`id`, `question_id`, `answer_key`, `answer_text`, `is_correct`, `sort_order`) VALUES (1905,477,'a','Offrir des emplois',1,0);
INSERT INTO `tcf_ce_answers` (`id`, `question_id`, `answer_key`, `answer_text`, `is_correct`, `sort_order`) VALUES (1906,477,'b','Participer à un forum',0,1);
INSERT INTO `tcf_ce_answers` (`id`, `question_id`, `answer_key`, `answer_text`, `is_correct`, `sort_order`) VALUES (1907,477,'c','Présenter leur action',0,2);
INSERT INTO `tcf_ce_answers` (`id`, `question_id`, `answer_key`, `answer_text`, `is_correct`, `sort_order`) VALUES (1908,477,'d','Trouver de l\'argent',0,3);
INSERT INTO `tcf_ce_answers` (`id`, `question_id`, `answer_key`, `answer_text`, `is_correct`, `sort_order`) VALUES (1909,478,'a','Un document professionnel',1,0);
INSERT INTO `tcf_ce_answers` (`id`, `question_id`, `answer_key`, `answer_text`, `is_correct`, `sort_order`) VALUES (1910,478,'b','Un titre de transport',0,1);
INSERT INTO `tcf_ce_answers` (`id`, `question_id`, `answer_key`, `answer_text`, `is_correct`, `sort_order`) VALUES (1911,478,'c','Une enveloppe timbrée',0,2);
INSERT INTO `tcf_ce_answers` (`id`, `question_id`, `answer_key`, `answer_text`, `is_correct`, `sort_order`) VALUES (1912,478,'d','Une somme d’argent',0,3);
INSERT INTO `tcf_ce_answers` (`id`, `question_id`, `answer_key`, `answer_text`, `is_correct`, `sort_order`) VALUES (1913,479,'a','Des cours de cuisine',0,0);
INSERT INTO `tcf_ce_answers` (`id`, `question_id`, `answer_key`, `answer_text`, `is_correct`, `sort_order`) VALUES (1914,479,'b','Des menus différents',1,1);
INSERT INTO `tcf_ce_answers` (`id`, `question_id`, `answer_key`, `answer_text`, `is_correct`, `sort_order`) VALUES (1915,479,'c','Des plats à emporter',0,2);
INSERT INTO `tcf_ce_answers` (`id`, `question_id`, `answer_key`, `answer_text`, `is_correct`, `sort_order`) VALUES (1916,479,'d','Des tickets bon marché',0,3);
INSERT INTO `tcf_ce_answers` (`id`, `question_id`, `answer_key`, `answer_text`, `is_correct`, `sort_order`) VALUES (1917,480,'a','Un service de création de site',0,0);
INSERT INTO `tcf_ce_answers` (`id`, `question_id`, `answer_key`, `answer_text`, `is_correct`, `sort_order`) VALUES (1918,480,'b','Une aide informatique rapide',0,1);
INSERT INTO `tcf_ce_answers` (`id`, `question_id`, `answer_key`, `answer_text`, `is_correct`, `sort_order`) VALUES (1919,480,'c','Une formation sur Internet',0,2);
INSERT INTO `tcf_ce_answers` (`id`, `question_id`, `answer_key`, `answer_text`, `is_correct`, `sort_order`) VALUES (1920,480,'d','Une publicité à faible coût',1,3);
INSERT INTO `tcf_ce_answers` (`id`, `question_id`, `answer_key`, `answer_text`, `is_correct`, `sort_order`) VALUES (1921,481,'a','Pour acheter des meubles de bibliothèque',0,0);
INSERT INTO `tcf_ce_answers` (`id`, `question_id`, `answer_key`, `answer_text`, `is_correct`, `sort_order`) VALUES (1922,481,'b','Pour organiser un concours de lecture',0,1);
INSERT INTO `tcf_ce_answers` (`id`, `question_id`, `answer_key`, `answer_text`, `is_correct`, `sort_order`) VALUES (1923,481,'c','Pour ouvrir un salon de thé littéraire',0,2);
INSERT INTO `tcf_ce_answers` (`id`, `question_id`, `answer_key`, `answer_text`, `is_correct`, `sort_order`) VALUES (1924,481,'d','Pour s’installer dans un local plus vaste',1,3);
INSERT INTO `tcf_ce_answers` (`id`, `question_id`, `answer_key`, `answer_text`, `is_correct`, `sort_order`) VALUES (1925,482,'a','Acheter du matériel',1,0);
INSERT INTO `tcf_ce_answers` (`id`, `question_id`, `answer_key`, `answer_text`, `is_correct`, `sort_order`) VALUES (1926,482,'b','Appeler un réparateur',0,1);
INSERT INTO `tcf_ce_answers` (`id`, `question_id`, `answer_key`, `answer_text`, `is_correct`, `sort_order`) VALUES (1927,482,'c','Imprimer un document',0,2);
INSERT INTO `tcf_ce_answers` (`id`, `question_id`, `answer_key`, `answer_text`, `is_correct`, `sort_order`) VALUES (1928,482,'d','Noter un rendez-vous',0,3);
INSERT INTO `tcf_ce_answers` (`id`, `question_id`, `answer_key`, `answer_text`, `is_correct`, `sort_order`) VALUES (1929,483,'a','Fès',0,0);
INSERT INTO `tcf_ce_answers` (`id`, `question_id`, `answer_key`, `answer_text`, `is_correct`, `sort_order`) VALUES (1930,483,'b','Casablanca',0,1);
INSERT INTO `tcf_ce_answers` (`id`, `question_id`, `answer_key`, `answer_text`, `is_correct`, `sort_order`) VALUES (1931,483,'c','Marrakech',1,2);
INSERT INTO `tcf_ce_answers` (`id`, `question_id`, `answer_key`, `answer_text`, `is_correct`, `sort_order`) VALUES (1932,483,'d','Tanger',0,3);
INSERT INTO `tcf_ce_answers` (`id`, `question_id`, `answer_key`, `answer_text`, `is_correct`, `sort_order`) VALUES (1933,484,'a','Il fait observer la nature de façon différente',1,0);
INSERT INTO `tcf_ce_answers` (`id`, `question_id`, `answer_key`, `answer_text`, `is_correct`, `sort_order`) VALUES (1934,484,'b','Il aide au développement de la recherche',0,1);
INSERT INTO `tcf_ce_answers` (`id`, `question_id`, `answer_key`, `answer_text`, `is_correct`, `sort_order`) VALUES (1935,484,'c','Il nécessite un bon entraînement sportif',0,2);
INSERT INTO `tcf_ce_answers` (`id`, `question_id`, `answer_key`, `answer_text`, `is_correct`, `sort_order`) VALUES (1936,484,'d','Il s’adresse à des spécialistes passionnés',0,3);
INSERT INTO `tcf_ce_answers` (`id`, `question_id`, `answer_key`, `answer_text`, `is_correct`, `sort_order`) VALUES (1937,485,'a','On les a tués afin de les manger',0,0);
INSERT INTO `tcf_ce_answers` (`id`, `question_id`, `answer_key`, `answer_text`, `is_correct`, `sort_order`) VALUES (1938,485,'b','On les a attrapés et emmenés ailleurs',1,1);
INSERT INTO `tcf_ce_answers` (`id`, `question_id`, `answer_key`, `answer_text`, `is_correct`, `sort_order`) VALUES (1939,485,'c','On les a chassés de l\'aéroport',0,2);
INSERT INTO `tcf_ce_answers` (`id`, `question_id`, `answer_key`, `answer_text`, `is_correct`, `sort_order`) VALUES (1940,485,'d','On les a soignés et relâchés',0,3);
INSERT INTO `tcf_ce_answers` (`id`, `question_id`, `answer_key`, `answer_text`, `is_correct`, `sort_order`) VALUES (1941,486,'a','Le choix des matières est vaste',0,0);
INSERT INTO `tcf_ce_answers` (`id`, `question_id`, `answer_key`, `answer_text`, `is_correct`, `sort_order`) VALUES (1942,486,'b','Le nombre d\'étudiants est limité',0,1);
INSERT INTO `tcf_ce_answers` (`id`, `question_id`, `answer_key`, `answer_text`, `is_correct`, `sort_order`) VALUES (1943,486,'c','Le prix des études est peu élevé',0,2);
INSERT INTO `tcf_ce_answers` (`id`, `question_id`, `answer_key`, `answer_text`, `is_correct`, `sort_order`) VALUES (1944,486,'d','L\'enseignement est d\'un bon niveau',1,3);
INSERT INTO `tcf_ce_answers` (`id`, `question_id`, `answer_key`, `answer_text`, `is_correct`, `sort_order`) VALUES (1945,487,'a','La quantité de travail est importante',0,0);
INSERT INTO `tcf_ce_answers` (`id`, `question_id`, `answer_key`, `answer_text`, `is_correct`, `sort_order`) VALUES (1946,487,'b','Le rôle est peu valorisé',1,1);
INSERT INTO `tcf_ce_answers` (`id`, `question_id`, `answer_key`, `answer_text`, `is_correct`, `sort_order`) VALUES (1947,487,'c','Les postes sont supprimés',0,2);
INSERT INTO `tcf_ce_answers` (`id`, `question_id`, `answer_key`, `answer_text`, `is_correct`, `sort_order`) VALUES (1948,487,'d','Les tâches sont limitées',0,3);
INSERT INTO `tcf_ce_answers` (`id`, `question_id`, `answer_key`, `answer_text`, `is_correct`, `sort_order`) VALUES (1949,488,'a','Elle doit devenir la langue de l’administration publique',0,0);
INSERT INTO `tcf_ce_answers` (`id`, `question_id`, `answer_key`, `answer_text`, `is_correct`, `sort_order`) VALUES (1950,488,'b','Elle peut perdre son statut de langue dominante',1,1);
INSERT INTO `tcf_ce_answers` (`id`, `question_id`, `answer_key`, `answer_text`, `is_correct`, `sort_order`) VALUES (1951,488,'c','Elle restera la langue privilégiée dans le commerce',0,2);
INSERT INTO `tcf_ce_answers` (`id`, `question_id`, `answer_key`, `answer_text`, `is_correct`, `sort_order`) VALUES (1952,488,'d','Elle va provoquer la disparition de langues minoritaires',0,3);
INSERT INTO `tcf_ce_answers` (`id`, `question_id`, `answer_key`, `answer_text`, `is_correct`, `sort_order`) VALUES (1953,489,'a','Exposer l’ensemble de ses qualités professionnelles',0,0);
INSERT INTO `tcf_ce_answers` (`id`, `question_id`, `answer_key`, `answer_text`, `is_correct`, `sort_order`) VALUES (1954,489,'b','Faire la preuve de son désir de travailler',1,1);
INSERT INTO `tcf_ce_answers` (`id`, `question_id`, `answer_key`, `answer_text`, `is_correct`, `sort_order`) VALUES (1955,489,'c','Parler avec enthousiasme de ses projets de formation',0,2);
INSERT INTO `tcf_ce_answers` (`id`, `question_id`, `answer_key`, `answer_text`, `is_correct`, `sort_order`) VALUES (1956,489,'d','Parler des emplois qu’on a déjà occupés',0,3);
INSERT INTO `tcf_ce_answers` (`id`, `question_id`, `answer_key`, `answer_text`, `is_correct`, `sort_order`) VALUES (1957,490,'a','Leur conception de la cuisine est passée de mode',0,0);
INSERT INTO `tcf_ce_answers` (`id`, `question_id`, `answer_key`, `answer_text`, `is_correct`, `sort_order`) VALUES (1958,490,'b','Leur créativité leur assure une célébrité mondiale',0,1);
INSERT INTO `tcf_ce_answers` (`id`, `question_id`, `answer_key`, `answer_text`, `is_correct`, `sort_order`) VALUES (1959,490,'c','Leur nom s’est transformé en label de prestige',1,2);
INSERT INTO `tcf_ce_answers` (`id`, `question_id`, `answer_key`, `answer_text`, `is_correct`, `sort_order`) VALUES (1960,490,'d','Leurs établissements sont cotés en bourse',0,3);
INSERT INTO `tcf_ce_answers` (`id`, `question_id`, `answer_key`, `answer_text`, `is_correct`, `sort_order`) VALUES (1961,491,'a','Des adaptations télévisées de Maupassant',1,0);
INSERT INTO `tcf_ce_answers` (`id`, `question_id`, `answer_key`, `answer_text`, `is_correct`, `sort_order`) VALUES (1962,491,'b','Des programmes d’études littéraires',0,1);
INSERT INTO `tcf_ce_answers` (`id`, `question_id`, `answer_key`, `answer_text`, `is_correct`, `sort_order`) VALUES (1963,491,'c','Une exposition consacrée à Maupassant',0,2);
INSERT INTO `tcf_ce_answers` (`id`, `question_id`, `answer_key`, `answer_text`, `is_correct`, `sort_order`) VALUES (1964,491,'d','Un ouvrage critique récemment paru',0,3);
INSERT INTO `tcf_ce_answers` (`id`, `question_id`, `answer_key`, `answer_text`, `is_correct`, `sort_order`) VALUES (1965,492,'a','Bâtir une église identique dans le quartier',0,0);
INSERT INTO `tcf_ce_answers` (`id`, `question_id`, `answer_key`, `answer_text`, `is_correct`, `sort_order`) VALUES (1966,492,'b','Débuter le réaménagement du boulevard',0,1);
INSERT INTO `tcf_ce_answers` (`id`, `question_id`, `answer_key`, `answer_text`, `is_correct`, `sort_order`) VALUES (1967,492,'c','Entreprendre une rénovation du lieu',1,2);
INSERT INTO `tcf_ce_answers` (`id`, `question_id`, `answer_key`, `answer_text`, `is_correct`, `sort_order`) VALUES (1968,492,'d','Réhabiliter les logements sociaux existants',0,3);
INSERT INTO `tcf_ce_answers` (`id`, `question_id`, `answer_key`, `answer_text`, `is_correct`, `sort_order`) VALUES (1969,493,'a','C\'est une réponse à des besoins alimentaires accrus',1,0);
INSERT INTO `tcf_ce_answers` (`id`, `question_id`, `answer_key`, `answer_text`, `is_correct`, `sort_order`) VALUES (1970,493,'b','Des recherches remettent en cause l\'intérêt nutritif',0,1);
INSERT INTO `tcf_ce_answers` (`id`, `question_id`, `answer_key`, `answer_text`, `is_correct`, `sort_order`) VALUES (1971,493,'c','Elle s\'avère moins rentable que les cultures de céréales',0,2);
INSERT INTO `tcf_ce_answers` (`id`, `question_id`, `answer_key`, `answer_text`, `is_correct`, `sort_order`) VALUES (1972,493,'d','Les citoyens exigent des garanties sanitaires',0,3);
INSERT INTO `tcf_ce_answers` (`id`, `question_id`, `answer_key`, `answer_text`, `is_correct`, `sort_order`) VALUES (1973,494,'a','Les producteurs évitent de prendre des risques',1,0);
INSERT INTO `tcf_ce_answers` (`id`, `question_id`, `answer_key`, `answer_text`, `is_correct`, `sort_order`) VALUES (1974,494,'b','Les réalisateurs sont à la recherche d’idées neuves',0,1);
INSERT INTO `tcf_ce_answers` (`id`, `question_id`, `answer_key`, `answer_text`, `is_correct`, `sort_order`) VALUES (1975,494,'c','Les scénaristes font preuve d’une imagination limitée',0,2);
INSERT INTO `tcf_ce_answers` (`id`, `question_id`, `answer_key`, `answer_text`, `is_correct`, `sort_order`) VALUES (1976,494,'d','Les spectateurs privilégient les créations classiques',0,3);
INSERT INTO `tcf_ce_answers` (`id`, `question_id`, `answer_key`, `answer_text`, `is_correct`, `sort_order`) VALUES (1977,495,'a','Pour aider à faire le deuil du passé',0,0);
INSERT INTO `tcf_ce_answers` (`id`, `question_id`, `answer_key`, `answer_text`, `is_correct`, `sort_order`) VALUES (1978,495,'b','Pour alléger le stockage des données',0,1);
INSERT INTO `tcf_ce_answers` (`id`, `question_id`, `answer_key`, `answer_text`, `is_correct`, `sort_order`) VALUES (1979,495,'c','Pour faire obstacle aux multinationales',0,2);
INSERT INTO `tcf_ce_answers` (`id`, `question_id`, `answer_key`, `answer_text`, `is_correct`, `sort_order`) VALUES (1980,495,'d','Pour rester maître de sa vie privée',1,3);
INSERT INTO `tcf_ce_answers` (`id`, `question_id`, `answer_key`, `answer_text`, `is_correct`, `sort_order`) VALUES (1981,496,'a','Pour aider à faire le deuil du passé',0,0);
INSERT INTO `tcf_ce_answers` (`id`, `question_id`, `answer_key`, `answer_text`, `is_correct`, `sort_order`) VALUES (1982,496,'b','Pour alléger le stockage des données',0,1);
INSERT INTO `tcf_ce_answers` (`id`, `question_id`, `answer_key`, `answer_text`, `is_correct`, `sort_order`) VALUES (1983,496,'c','Pour faire obstacle aux multinationales',0,2);
INSERT INTO `tcf_ce_answers` (`id`, `question_id`, `answer_key`, `answer_text`, `is_correct`, `sort_order`) VALUES (1984,496,'d','Pour rester maître de sa vie privée',1,3);
INSERT INTO `tcf_ce_answers` (`id`, `question_id`, `answer_key`, `answer_text`, `is_correct`, `sort_order`) VALUES (1985,497,'a','Élaborer le budget de leur voyage à Barcelone',0,0);
INSERT INTO `tcf_ce_answers` (`id`, `question_id`, `answer_key`, `answer_text`, `is_correct`, `sort_order`) VALUES (1986,497,'b','Gagner de l’argent pour payer leur séjour',1,1);
INSERT INTO `tcf_ce_answers` (`id`, `question_id`, `answer_key`, `answer_text`, `is_correct`, `sort_order`) VALUES (1987,497,'c','Montrer aux autres classes leurs talents culinaires',0,2);
INSERT INTO `tcf_ce_answers` (`id`, `question_id`, `answer_key`, `answer_text`, `is_correct`, `sort_order`) VALUES (1988,497,'d','Soutenir le futur projet des élèves de terminale',0,3);
INSERT INTO `tcf_ce_answers` (`id`, `question_id`, `answer_key`, `answer_text`, `is_correct`, `sort_order`) VALUES (1989,498,'a','Ils donnent l’impression de vénérer les produits',1,0);
INSERT INTO `tcf_ce_answers` (`id`, `question_id`, `answer_key`, `answer_text`, `is_correct`, `sort_order`) VALUES (1990,498,'b','Ils ont l’air éblouis par le gigantisme des magasins',0,1);
INSERT INTO `tcf_ce_answers` (`id`, `question_id`, `answer_key`, `answer_text`, `is_correct`, `sort_order`) VALUES (1991,498,'c','Ils paraissent manipulés par une force supérieure',0,2);
INSERT INTO `tcf_ce_answers` (`id`, `question_id`, `answer_key`, `answer_text`, `is_correct`, `sort_order`) VALUES (1992,498,'d','Ils semblent perdus dans le labyrinthe des rayons',0,3);
INSERT INTO `tcf_ce_answers` (`id`, `question_id`, `answer_key`, `answer_text`, `is_correct`, `sort_order`) VALUES (1993,499,'a','La gestion du stress est difficile',0,0);
INSERT INTO `tcf_ce_answers` (`id`, `question_id`, `answer_key`, `answer_text`, `is_correct`, `sort_order`) VALUES (1994,499,'b','La santé est mise en péril',0,1);
INSERT INTO `tcf_ce_answers` (`id`, `question_id`, `answer_key`, `answer_text`, `is_correct`, `sort_order`) VALUES (1995,499,'c','Le corps est moins réactif',0,2);
INSERT INTO `tcf_ce_answers` (`id`, `question_id`, `answer_key`, `answer_text`, `is_correct`, `sort_order`) VALUES (1996,499,'d','Le système génétique est affecté',1,3);
INSERT INTO `tcf_ce_answers` (`id`, `question_id`, `answer_key`, `answer_text`, `is_correct`, `sort_order`) VALUES (1997,500,'a','L’absence totale des signes visuels du langage',1,0);
INSERT INTO `tcf_ce_answers` (`id`, `question_id`, `answer_key`, `answer_text`, `is_correct`, `sort_order`) VALUES (1998,500,'b','L’opposition des familles à leurs interventions',0,1);
INSERT INTO `tcf_ce_answers` (`id`, `question_id`, `answer_key`, `answer_text`, `is_correct`, `sort_order`) VALUES (1999,500,'c','La nécessité de modérer le ton des échanges',0,2);
INSERT INTO `tcf_ce_answers` (`id`, `question_id`, `answer_key`, `answer_text`, `is_correct`, `sort_order`) VALUES (2000,500,'d','Les nombreuses remarques des participants',0,3);
INSERT INTO `tcf_ce_answers` (`id`, `question_id`, `answer_key`, `answer_text`, `is_correct`, `sort_order`) VALUES (2001,501,'a','Si on les prend en compte avec lucidité',0,0);
INSERT INTO `tcf_ce_answers` (`id`, `question_id`, `answer_key`, `answer_text`, `is_correct`, `sort_order`) VALUES (2002,501,'b','Si on les remodèle à travers l’imagination',0,1);
INSERT INTO `tcf_ce_answers` (`id`, `question_id`, `answer_key`, `answer_text`, `is_correct`, `sort_order`) VALUES (2003,501,'c','Si on modifie la façon dont on les perçoit',1,2);
INSERT INTO `tcf_ce_answers` (`id`, `question_id`, `answer_key`, `answer_text`, `is_correct`, `sort_order`) VALUES (2004,501,'d','Si on recherche leur signification profonde',0,3);
INSERT INTO `tcf_ce_answers` (`id`, `question_id`, `answer_key`, `answer_text`, `is_correct`, `sort_order`) VALUES (2005,502,'a','La description du personnage',0,0);
INSERT INTO `tcf_ce_answers` (`id`, `question_id`, `answer_key`, `answer_text`, `is_correct`, `sort_order`) VALUES (2006,502,'b','La longueur du texte',0,1);
INSERT INTO `tcf_ce_answers` (`id`, `question_id`, `answer_key`, `answer_text`, `is_correct`, `sort_order`) VALUES (2007,502,'c','La qualité de l’écriture',0,2);
INSERT INTO `tcf_ce_answers` (`id`, `question_id`, `answer_key`, `answer_text`, `is_correct`, `sort_order`) VALUES (2008,502,'d','Le déroulement des événements',1,3);
INSERT INTO `tcf_ce_answers` (`id`, `question_id`, `answer_key`, `answer_text`, `is_correct`, `sort_order`) VALUES (2009,503,'a','Ils correspondent à des programmes scolaires obsolètes',0,0);
INSERT INTO `tcf_ce_answers` (`id`, `question_id`, `answer_key`, `answer_text`, `is_correct`, `sort_order`) VALUES (2010,503,'b','Ils méconnaissent l’existence des familles recomposées',0,1);
INSERT INTO `tcf_ce_answers` (`id`, `question_id`, `answer_key`, `answer_text`, `is_correct`, `sort_order`) VALUES (2011,503,'c','Ils présentent un partage sexiste des tâches dans le couple',1,2);
INSERT INTO `tcf_ce_answers` (`id`, `question_id`, `answer_key`, `answer_text`, `is_correct`, `sort_order`) VALUES (2012,503,'d','Ils se moquent du quotidien des personnes sans emploi',0,3);
INSERT INTO `tcf_ce_answers` (`id`, `question_id`, `answer_key`, `answer_text`, `is_correct`, `sort_order`) VALUES (2013,504,'a','Les gestes révéleraient systématiquement la langue maternelle des locuteurs',0,0);
INSERT INTO `tcf_ce_answers` (`id`, `question_id`, `answer_key`, `answer_text`, `is_correct`, `sort_order`) VALUES (2014,504,'b','Il existerait un ordre universel de la pensée, indépendant de l’ordre linguistique',1,1);
INSERT INTO `tcf_ce_answers` (`id`, `question_id`, `answer_key`, `answer_text`, `is_correct`, `sort_order`) VALUES (2015,504,'c','Il y aurait autant de façons de penser que de structures de langue différentes',0,2);
INSERT INTO `tcf_ce_answers` (`id`, `question_id`, `answer_key`, `answer_text`, `is_correct`, `sort_order`) VALUES (2016,504,'d','Les structures des langues seraient dépendantes de notre expérience du monde',0,3);
INSERT INTO `tcf_ce_answers` (`id`, `question_id`, `answer_key`, `answer_text`, `is_correct`, `sort_order`) VALUES (2017,505,'a','La quasi-absence d’héroïnes',1,0);
INSERT INTO `tcf_ce_answers` (`id`, `question_id`, `answer_key`, `answer_text`, `is_correct`, `sort_order`) VALUES (2018,505,'b','L\'appel constant à la violence',0,1);
INSERT INTO `tcf_ce_answers` (`id`, `question_id`, `answer_key`, `answer_text`, `is_correct`, `sort_order`) VALUES (2019,505,'c','L\'atténuation des clichés',0,2);
INSERT INTO `tcf_ce_answers` (`id`, `question_id`, `answer_key`, `answer_text`, `is_correct`, `sort_order`) VALUES (2020,505,'d','L\'uniformité des scénarios',0,3);
INSERT INTO `tcf_ce_answers` (`id`, `question_id`, `answer_key`, `answer_text`, `is_correct`, `sort_order`) VALUES (2021,506,'a','Parce qu’elle finance les programmes de développement des TIC',0,0);
INSERT INTO `tcf_ce_answers` (`id`, `question_id`, `answer_key`, `answer_text`, `is_correct`, `sort_order`) VALUES (2022,506,'b','Parce qu’elle organise des débats entre États membres sur les TIC',0,1);
INSERT INTO `tcf_ce_answers` (`id`, `question_id`, `answer_key`, `answer_text`, `is_correct`, `sort_order`) VALUES (2023,506,'c','Parce qu’elle sensibilise les établissements d’enseignement aux TIC',0,2);
INSERT INTO `tcf_ce_answers` (`id`, `question_id`, `answer_key`, `answer_text`, `is_correct`, `sort_order`) VALUES (2024,506,'d','Parce qu’elle aide les États à développer des politiques pour les TIC',1,3);
INSERT INTO `tcf_ce_answers` (`id`, `question_id`, `answer_key`, `answer_text`, `is_correct`, `sort_order`) VALUES (2025,507,'a','De concrétiser des objectifs personnels',1,0);
INSERT INTO `tcf_ce_answers` (`id`, `question_id`, `answer_key`, `answer_text`, `is_correct`, `sort_order`) VALUES (2026,507,'b','De fonctionner dans un cadre innovant',0,1);
INSERT INTO `tcf_ce_answers` (`id`, `question_id`, `answer_key`, `answer_text`, `is_correct`, `sort_order`) VALUES (2027,507,'c','De limiter la répartition des gains',0,2);
INSERT INTO `tcf_ce_answers` (`id`, `question_id`, `answer_key`, `answer_text`, `is_correct`, `sort_order`) VALUES (2028,507,'d','De renforcer les liens entre les générations',0,3);
INSERT INTO `tcf_ce_answers` (`id`, `question_id`, `answer_key`, `answer_text`, `is_correct`, `sort_order`) VALUES (2029,508,'a','Il contribue à améliorer les méthodes d’apprentissage',0,0);
INSERT INTO `tcf_ce_answers` (`id`, `question_id`, `answer_key`, `answer_text`, `is_correct`, `sort_order`) VALUES (2030,508,'b','Il est indispensable pour accéder au monde professionnel',0,1);
INSERT INTO `tcf_ce_answers` (`id`, `question_id`, `answer_key`, `answer_text`, `is_correct`, `sort_order`) VALUES (2031,508,'c','Il permet de certifier les compétences réelles d’un candidat',0,2);
INSERT INTO `tcf_ce_answers` (`id`, `question_id`, `answer_key`, `answer_text`, `is_correct`, `sort_order`) VALUES (2032,508,'d','Il perturbe le processus d’acquisition des connaissances',1,3);
INSERT INTO `tcf_ce_answers` (`id`, `question_id`, `answer_key`, `answer_text`, `is_correct`, `sort_order`) VALUES (2033,509,'a','Des cours',1,0);
INSERT INTO `tcf_ce_answers` (`id`, `question_id`, `answer_key`, `answer_text`, `is_correct`, `sort_order`) VALUES (2034,509,'b','Des emplois',0,1);
INSERT INTO `tcf_ce_answers` (`id`, `question_id`, `answer_key`, `answer_text`, `is_correct`, `sort_order`) VALUES (2035,509,'c','Des livres',0,2);
INSERT INTO `tcf_ce_answers` (`id`, `question_id`, `answer_key`, `answer_text`, `is_correct`, `sort_order`) VALUES (2036,509,'d','Des voyages',0,3);
INSERT INTO `tcf_ce_answers` (`id`, `question_id`, `answer_key`, `answer_text`, `is_correct`, `sort_order`) VALUES (2037,510,'a','De stocker des marchandises',0,0);
INSERT INTO `tcf_ce_answers` (`id`, `question_id`, `answer_key`, `answer_text`, `is_correct`, `sort_order`) VALUES (2038,510,'b','De transporter des colis',1,1);
INSERT INTO `tcf_ce_answers` (`id`, `question_id`, `answer_key`, `answer_text`, `is_correct`, `sort_order`) VALUES (2039,510,'c','De vendre des cartons',0,2);
INSERT INTO `tcf_ce_answers` (`id`, `question_id`, `answer_key`, `answer_text`, `is_correct`, `sort_order`) VALUES (2040,510,'d','De voyager à l\'étranger',0,3);
INSERT INTO `tcf_ce_answers` (`id`, `question_id`, `answer_key`, `answer_text`, `is_correct`, `sort_order`) VALUES (2041,511,'a','À la gare.',0,0);
INSERT INTO `tcf_ce_answers` (`id`, `question_id`, `answer_key`, `answer_text`, `is_correct`, `sort_order`) VALUES (2042,511,'b','À la maison.',1,1);
INSERT INTO `tcf_ce_answers` (`id`, `question_id`, `answer_key`, `answer_text`, `is_correct`, `sort_order`) VALUES (2043,511,'c','Au cinéma.',0,2);
INSERT INTO `tcf_ce_answers` (`id`, `question_id`, `answer_key`, `answer_text`, `is_correct`, `sort_order`) VALUES (2044,511,'d','Au travail.',0,3);
INSERT INTO `tcf_ce_answers` (`id`, `question_id`, `answer_key`, `answer_text`, `is_correct`, `sort_order`) VALUES (2045,512,'a','Pour des courses',0,0);
INSERT INTO `tcf_ce_answers` (`id`, `question_id`, `answer_key`, `answer_text`, `is_correct`, `sort_order`) VALUES (2046,512,'b','Pour un repas',1,1);
INSERT INTO `tcf_ce_answers` (`id`, `question_id`, `answer_key`, `answer_text`, `is_correct`, `sort_order`) VALUES (2047,512,'c','Pour un travail',0,2);
INSERT INTO `tcf_ce_answers` (`id`, `question_id`, `answer_key`, `answer_text`, `is_correct`, `sort_order`) VALUES (2048,512,'d','Pour une réunion',0,3);
INSERT INTO `tcf_ce_answers` (`id`, `question_id`, `answer_key`, `answer_text`, `is_correct`, `sort_order`) VALUES (2049,513,'a','Elle doit partir une journée',0,0);
INSERT INTO `tcf_ce_answers` (`id`, `question_id`, `answer_key`, `answer_text`, `is_correct`, `sort_order`) VALUES (2050,513,'b','Elle propose un déjeuner',0,1);
INSERT INTO `tcf_ce_answers` (`id`, `question_id`, `answer_key`, `answer_text`, `is_correct`, `sort_order`) VALUES (2051,513,'c','Elle souhaite parler à François',1,2);
INSERT INTO `tcf_ce_answers` (`id`, `question_id`, `answer_key`, `answer_text`, `is_correct`, `sort_order`) VALUES (2052,513,'d','Elle veut visiter une entreprise',0,3);
INSERT INTO `tcf_ce_answers` (`id`, `question_id`, `answer_key`, `answer_text`, `is_correct`, `sort_order`) VALUES (2053,514,'a','Il les renseigne sur des informations',0,0);
INSERT INTO `tcf_ce_answers` (`id`, `question_id`, `answer_key`, `answer_text`, `is_correct`, `sort_order`) VALUES (2054,514,'b','Il leur permet de trouver un emploi',1,1);
INSERT INTO `tcf_ce_answers` (`id`, `question_id`, `answer_key`, `answer_text`, `is_correct`, `sort_order`) VALUES (2055,514,'c','Il leur présente des stages en entreprise',0,2);
INSERT INTO `tcf_ce_answers` (`id`, `question_id`, `answer_key`, `answer_text`, `is_correct`, `sort_order`) VALUES (2056,514,'d','Il leur propose des logements étudiants',0,3);
INSERT INTO `tcf_ce_answers` (`id`, `question_id`, `answer_key`, `answer_text`, `is_correct`, `sort_order`) VALUES (2057,515,'a','En décembre',0,0);
INSERT INTO `tcf_ce_answers` (`id`, `question_id`, `answer_key`, `answer_text`, `is_correct`, `sort_order`) VALUES (2058,515,'b','En février',0,1);
INSERT INTO `tcf_ce_answers` (`id`, `question_id`, `answer_key`, `answer_text`, `is_correct`, `sort_order`) VALUES (2059,515,'c','En mai',1,2);
INSERT INTO `tcf_ce_answers` (`id`, `question_id`, `answer_key`, `answer_text`, `is_correct`, `sort_order`) VALUES (2060,515,'d','En mars',0,3);
INSERT INTO `tcf_ce_answers` (`id`, `question_id`, `answer_key`, `answer_text`, `is_correct`, `sort_order`) VALUES (2061,516,'a','Dans une boucherie',0,0);
INSERT INTO `tcf_ce_answers` (`id`, `question_id`, `answer_key`, `answer_text`, `is_correct`, `sort_order`) VALUES (2062,516,'b','Dans une boulangerie',0,1);
INSERT INTO `tcf_ce_answers` (`id`, `question_id`, `answer_key`, `answer_text`, `is_correct`, `sort_order`) VALUES (2063,516,'c','Dans une épicerie',1,2);
INSERT INTO `tcf_ce_answers` (`id`, `question_id`, `answer_key`, `answer_text`, `is_correct`, `sort_order`) VALUES (2064,516,'d','Dans une poissonnerie',0,3);
INSERT INTO `tcf_ce_answers` (`id`, `question_id`, `answer_key`, `answer_text`, `is_correct`, `sort_order`) VALUES (2065,517,'a','D\'apporter le déjeuner',0,0);
INSERT INTO `tcf_ce_answers` (`id`, `question_id`, `answer_key`, `answer_text`, `is_correct`, `sort_order`) VALUES (2066,517,'b','D\'avancer le rendez-vous',0,1);
INSERT INTO `tcf_ce_answers` (`id`, `question_id`, `answer_key`, `answer_text`, `is_correct`, `sort_order`) VALUES (2067,517,'c','De consulter les documents',0,2);
INSERT INTO `tcf_ce_answers` (`id`, `question_id`, `answer_key`, `answer_text`, `is_correct`, `sort_order`) VALUES (2068,517,'d','De prévenir les collègues.',1,3);
INSERT INTO `tcf_ce_answers` (`id`, `question_id`, `answer_key`, `answer_text`, `is_correct`, `sort_order`) VALUES (2069,518,'a','Elle sera fermée au mois de mars.',0,0);
INSERT INTO `tcf_ce_answers` (`id`, `question_id`, `answer_key`, `answer_text`, `is_correct`, `sort_order`) VALUES (2070,518,'b','Il y aura des travaux à l\'intérieur.',0,1);
INSERT INTO `tcf_ce_answers` (`id`, `question_id`, `answer_key`, `answer_text`, `is_correct`, `sort_order`) VALUES (2071,518,'c','L\'entrée se fera par une autre porte.',1,2);
INSERT INTO `tcf_ce_answers` (`id`, `question_id`, `answer_key`, `answer_text`, `is_correct`, `sort_order`) VALUES (2072,518,'d','Le service municipal réparera les lieux.',0,3);
INSERT INTO `tcf_ce_answers` (`id`, `question_id`, `answer_key`, `answer_text`, `is_correct`, `sort_order`) VALUES (2073,519,'a','Pour un anniversaire',0,0);
INSERT INTO `tcf_ce_answers` (`id`, `question_id`, `answer_key`, `answer_text`, `is_correct`, `sort_order`) VALUES (2074,519,'b','Pour un mariage',0,1);
INSERT INTO `tcf_ce_answers` (`id`, `question_id`, `answer_key`, `answer_text`, `is_correct`, `sort_order`) VALUES (2075,519,'c','Pour un réveillon',1,2);
INSERT INTO `tcf_ce_answers` (`id`, `question_id`, `answer_key`, `answer_text`, `is_correct`, `sort_order`) VALUES (2076,519,'d','Pour un spectacle',0,3);
INSERT INTO `tcf_ce_answers` (`id`, `question_id`, `answer_key`, `answer_text`, `is_correct`, `sort_order`) VALUES (2077,520,'a','D\'argent pour la course',1,0);
INSERT INTO `tcf_ce_answers` (`id`, `question_id`, `answer_key`, `answer_text`, `is_correct`, `sort_order`) VALUES (2078,520,'b','De livres pour les enfants',0,1);
INSERT INTO `tcf_ce_answers` (`id`, `question_id`, `answer_key`, `answer_text`, `is_correct`, `sort_order`) VALUES (2079,520,'c','De produits pour les repas',0,2);
INSERT INTO `tcf_ce_answers` (`id`, `question_id`, `answer_key`, `answer_text`, `is_correct`, `sort_order`) VALUES (2080,520,'d','D\'une voiture pour le transport',0,3);
INSERT INTO `tcf_ce_answers` (`id`, `question_id`, `answer_key`, `answer_text`, `is_correct`, `sort_order`) VALUES (2081,521,'a','De participer à la vie de l\'entreprise',0,0);
INSERT INTO `tcf_ce_answers` (`id`, `question_id`, `answer_key`, `answer_text`, `is_correct`, `sort_order`) VALUES (2082,521,'b','De poser leurs jours de vacances',1,1);
INSERT INTO `tcf_ce_answers` (`id`, `question_id`, `answer_key`, `answer_text`, `is_correct`, `sort_order`) VALUES (2083,521,'c','De remplir un formulaire en ligne',0,2);
INSERT INTO `tcf_ce_answers` (`id`, `question_id`, `answer_key`, `answer_text`, `is_correct`, `sort_order`) VALUES (2084,521,'d','De respecter les règles de sécurité',0,3);
INSERT INTO `tcf_ce_answers` (`id`, `question_id`, `answer_key`, `answer_text`, `is_correct`, `sort_order`) VALUES (2085,522,'a','Alerter les clients sur les fausses publicités des magasins',0,0);
INSERT INTO `tcf_ce_answers` (`id`, `question_id`, `answer_key`, `answer_text`, `is_correct`, `sort_order`) VALUES (2086,522,'b','Donner des conseils pour arrêter de recevoir des publicités',1,1);
INSERT INTO `tcf_ce_answers` (`id`, `question_id`, `answer_key`, `answer_text`, `is_correct`, `sort_order`) VALUES (2087,522,'c','Présenter le résumé d\'une étude sur les effets de la publicité',0,2);
INSERT INTO `tcf_ce_answers` (`id`, `question_id`, `answer_key`, `answer_text`, `is_correct`, `sort_order`) VALUES (2088,522,'d','Vendre l\'autocollant « Stop Pub » du ministère de l\'Écologie',0,3);
INSERT INTO `tcf_ce_answers` (`id`, `question_id`, `answer_key`, `answer_text`, `is_correct`, `sort_order`) VALUES (2089,523,'a','Il modifiera son parcours à la demande des usagers',0,0);
INSERT INTO `tcf_ce_answers` (`id`, `question_id`, `answer_key`, `answer_text`, `is_correct`, `sort_order`) VALUES (2090,523,'b','Il permettra d\'éviter les embouteillages en ville',1,1);
INSERT INTO `tcf_ce_answers` (`id`, `question_id`, `answer_key`, `answer_text`, `is_correct`, `sort_order`) VALUES (2091,523,'c','Il sera équipé d\'un nouveau système de sécurité',0,2);
INSERT INTO `tcf_ce_answers` (`id`, `question_id`, `answer_key`, `answer_text`, `is_correct`, `sort_order`) VALUES (2092,523,'d','Il sera très facile d\'entretien et peu coûteux',0,3);
INSERT INTO `tcf_ce_answers` (`id`, `question_id`, `answer_key`, `answer_text`, `is_correct`, `sort_order`) VALUES (2093,524,'a','Pour aider les élèves à ne pas s\'enrhumer',0,0);
INSERT INTO `tcf_ce_answers` (`id`, `question_id`, `answer_key`, `answer_text`, `is_correct`, `sort_order`) VALUES (2094,524,'b','Pour enseigner le droit à la tolérance',0,1);
INSERT INTO `tcf_ce_answers` (`id`, `question_id`, `answer_key`, `answer_text`, `is_correct`, `sort_order`) VALUES (2095,524,'c','Pour respecter des normes d\'hygiène',1,2);
INSERT INTO `tcf_ce_answers` (`id`, `question_id`, `answer_key`, `answer_text`, `is_correct`, `sort_order`) VALUES (2096,524,'d','Pour supprimer les différences sociales',0,3);
INSERT INTO `tcf_ce_answers` (`id`, `question_id`, `answer_key`, `answer_text`, `is_correct`, `sort_order`) VALUES (2097,525,'a','Avoir comme seul objectif de terminer l\'épreuve',0,0);
INSERT INTO `tcf_ce_answers` (`id`, `question_id`, `answer_key`, `answer_text`, `is_correct`, `sort_order`) VALUES (2098,525,'b','Pratiquer la course à pied plusieurs fois par semaine',1,1);
INSERT INTO `tcf_ce_answers` (`id`, `question_id`, `answer_key`, `answer_text`, `is_correct`, `sort_order`) VALUES (2099,525,'c','Prendre régulièrement des médicaments anti-douleur',0,2);
INSERT INTO `tcf_ce_answers` (`id`, `question_id`, `answer_key`, `answer_text`, `is_correct`, `sort_order`) VALUES (2100,525,'d','Se donner de longues périodes de récupération',0,3);
INSERT INTO `tcf_ce_answers` (`id`, `question_id`, `answer_key`, `answer_text`, `is_correct`, `sort_order`) VALUES (2101,526,'a','Auditionner plusieurs candidats en même temps.',0,0);
INSERT INTO `tcf_ce_answers` (`id`, `question_id`, `answer_key`, `answer_text`, `is_correct`, `sort_order`) VALUES (2102,526,'b','Faire mener l\'entrevue des candidats par un futur collègue.',0,1);
INSERT INTO `tcf_ce_answers` (`id`, `question_id`, `answer_key`, `answer_text`, `is_correct`, `sort_order`) VALUES (2103,526,'c','Laisser les candidats s\'exprimer sans les interrompre',0,2);
INSERT INTO `tcf_ce_answers` (`id`, `question_id`, `answer_key`, `answer_text`, `is_correct`, `sort_order`) VALUES (2104,526,'d','Rencontrer les candidats sans rien savoir d\'eux',1,3);
INSERT INTO `tcf_ce_answers` (`id`, `question_id`, `answer_key`, `answer_text`, `is_correct`, `sort_order`) VALUES (2105,527,'a','De découvrir la région',0,0);
INSERT INTO `tcf_ce_answers` (`id`, `question_id`, `answer_key`, `answer_text`, `is_correct`, `sort_order`) VALUES (2106,527,'b','De goûter des spécialités',0,1);
INSERT INTO `tcf_ce_answers` (`id`, `question_id`, `answer_key`, `answer_text`, `is_correct`, `sort_order`) VALUES (2107,527,'c','De pratiquer un sport',1,2);
INSERT INTO `tcf_ce_answers` (`id`, `question_id`, `answer_key`, `answer_text`, `is_correct`, `sort_order`) VALUES (2108,527,'d','D\'organiser un spectacle',0,3);
INSERT INTO `tcf_ce_answers` (`id`, `question_id`, `answer_key`, `answer_text`, `is_correct`, `sort_order`) VALUES (2109,528,'a','De lutter contre les imitations.',1,0);
INSERT INTO `tcf_ce_answers` (`id`, `question_id`, `answer_key`, `answer_text`, `is_correct`, `sort_order`) VALUES (2110,528,'b','D\'en accroître la production.',0,1);
INSERT INTO `tcf_ce_answers` (`id`, `question_id`, `answer_key`, `answer_text`, `is_correct`, `sort_order`) VALUES (2111,528,'c','De développer sa saveur.',0,2);
INSERT INTO `tcf_ce_answers` (`id`, `question_id`, `answer_key`, `answer_text`, `is_correct`, `sort_order`) VALUES (2112,528,'d','De le faire davantage connaître.',0,3);
INSERT INTO `tcf_ce_answers` (`id`, `question_id`, `answer_key`, `answer_text`, `is_correct`, `sort_order`) VALUES (2113,529,'a','A un timbre qui n\'existe pas naturellement',0,0);
INSERT INTO `tcf_ce_answers` (`id`, `question_id`, `answer_key`, `answer_text`, `is_correct`, `sort_order`) VALUES (2114,529,'b','Se confond avec la voix de l\'enfant qui joue',0,1);
INSERT INTO `tcf_ce_answers` (`id`, `question_id`, `answer_key`, `answer_text`, `is_correct`, `sort_order`) VALUES (2115,529,'c','Enregistre et reproduit les voix entendues',0,2);
INSERT INTO `tcf_ce_answers` (`id`, `question_id`, `answer_key`, `answer_text`, `is_correct`, `sort_order`) VALUES (2116,529,'d','Imite à la perfection la voix d\'un enfant.',1,3);
INSERT INTO `tcf_ce_answers` (`id`, `question_id`, `answer_key`, `answer_text`, `is_correct`, `sort_order`) VALUES (2117,530,'a','Il est financé par des universités publiques',0,0);
INSERT INTO `tcf_ce_answers` (`id`, `question_id`, `answer_key`, `answer_text`, `is_correct`, `sort_order`) VALUES (2118,530,'b','Il est remplacé par un autre programme',0,1);
INSERT INTO `tcf_ce_answers` (`id`, `question_id`, `answer_key`, `answer_text`, `is_correct`, `sort_order`) VALUES (2119,530,'c','Il facilite l\'accès au monde de l\'entreprise',0,2);
INSERT INTO `tcf_ce_answers` (`id`, `question_id`, `answer_key`, `answer_text`, `is_correct`, `sort_order`) VALUES (2120,530,'d','Son succès auprès des étudiants se dégrade',1,3);
INSERT INTO `tcf_ce_answers` (`id`, `question_id`, `answer_key`, `answer_text`, `is_correct`, `sort_order`) VALUES (2121,531,'a','Connaître ses adversaires',0,0);
INSERT INTO `tcf_ce_answers` (`id`, `question_id`, `answer_key`, `answer_text`, `is_correct`, `sort_order`) VALUES (2122,531,'b','Cultiver sa concentration',0,1);
INSERT INTO `tcf_ce_answers` (`id`, `question_id`, `answer_key`, `answer_text`, `is_correct`, `sort_order`) VALUES (2123,531,'c','Dormir efficacement',1,2);
INSERT INTO `tcf_ce_answers` (`id`, `question_id`, `answer_key`, `answer_text`, `is_correct`, `sort_order`) VALUES (2124,531,'d','Ménager ses efforts',0,3);
INSERT INTO `tcf_ce_answers` (`id`, `question_id`, `answer_key`, `answer_text`, `is_correct`, `sort_order`) VALUES (2125,532,'a','À aider à la rénovation en travaillant au château.',0,0);
INSERT INTO `tcf_ce_answers` (`id`, `question_id`, `answer_key`, `answer_text`, `is_correct`, `sort_order`) VALUES (2126,532,'b','À entrer en contact avec les occupants du château.',0,1);
INSERT INTO `tcf_ce_answers` (`id`, `question_id`, `answer_key`, `answer_text`, `is_correct`, `sort_order`) VALUES (2127,532,'c','À financer les travaux du château par un don.',1,2);
INSERT INTO `tcf_ce_answers` (`id`, `question_id`, `answer_key`, `answer_text`, `is_correct`, `sort_order`) VALUES (2128,532,'d','À visiter le château, ses jardins et expositions.',0,3);
INSERT INTO `tcf_ce_answers` (`id`, `question_id`, `answer_key`, `answer_text`, `is_correct`, `sort_order`) VALUES (2129,533,'a','L\'originalité des pays visités.',0,0);
INSERT INTO `tcf_ce_answers` (`id`, `question_id`, `answer_key`, `answer_text`, `is_correct`, `sort_order`) VALUES (2130,533,'b','La description des habitudes quotidiennes.',0,1);
INSERT INTO `tcf_ce_answers` (`id`, `question_id`, `answer_key`, `answer_text`, `is_correct`, `sort_order`) VALUES (2131,533,'c','La diversité des portraits présentés.',1,2);
INSERT INTO `tcf_ce_answers` (`id`, `question_id`, `answer_key`, `answer_text`, `is_correct`, `sort_order`) VALUES (2132,533,'d','Les qualités littéraires des écrivains.',0,3);
INSERT INTO `tcf_ce_answers` (`id`, `question_id`, `answer_key`, `answer_text`, `is_correct`, `sort_order`) VALUES (2133,534,'a','Elles font partie de la gastronomie régionale.',0,0);
INSERT INTO `tcf_ce_answers` (`id`, `question_id`, `answer_key`, `answer_text`, `is_correct`, `sort_order`) VALUES (2134,534,'b','Les gens en mangent plus que par le passé.',1,1);
INSERT INTO `tcf_ce_answers` (`id`, `question_id`, `answer_key`, `answer_text`, `is_correct`, `sort_order`) VALUES (2135,534,'c','Les médecins conseillent leur usage en cuisine',0,2);
INSERT INTO `tcf_ce_answers` (`id`, `question_id`, `answer_key`, `answer_text`, `is_correct`, `sort_order`) VALUES (2136,534,'d','Leur culture augmente rapidement sur les côtes.',0,3);
INSERT INTO `tcf_ce_answers` (`id`, `question_id`, `answer_key`, `answer_text`, `is_correct`, `sort_order`) VALUES (2137,535,'a','Pour améliorer les méthodes de travail de la cantine',0,0);
INSERT INTO `tcf_ce_answers` (`id`, `question_id`, `answer_key`, `answer_text`, `is_correct`, `sort_order`) VALUES (2138,535,'b','Pour encourager la création de formations professionnelles',0,1);
INSERT INTO `tcf_ce_answers` (`id`, `question_id`, `answer_key`, `answer_text`, `is_correct`, `sort_order`) VALUES (2139,535,'c','Pour faire naître l\'envie de s\'investir dans un métier',1,2);
INSERT INTO `tcf_ce_answers` (`id`, `question_id`, `answer_key`, `answer_text`, `is_correct`, `sort_order`) VALUES (2140,535,'d','Pour sensibiliser le grand public à la réalité de la vie carcérale',0,3);
INSERT INTO `tcf_ce_answers` (`id`, `question_id`, `answer_key`, `answer_text`, `is_correct`, `sort_order`) VALUES (2141,536,'a','L\'ambiance de l\'école doit être calquée sur le modèle familial',0,0);
INSERT INTO `tcf_ce_answers` (`id`, `question_id`, `answer_key`, `answer_text`, `is_correct`, `sort_order`) VALUES (2142,536,'b','L\'autorité du professeur doit être compensée par sa gentillesse',0,1);
INSERT INTO `tcf_ce_answers` (`id`, `question_id`, `answer_key`, `answer_text`, `is_correct`, `sort_order`) VALUES (2143,536,'c','L\'épanouissement de l\'enfant doit primer sur sa réussite',0,2);
INSERT INTO `tcf_ce_answers` (`id`, `question_id`, `answer_key`, `answer_text`, `is_correct`, `sort_order`) VALUES (2144,536,'d','L\'impartialité doit être l\'une des qualités principales d\'un maître',1,3);
INSERT INTO `tcf_ce_answers` (`id`, `question_id`, `answer_key`, `answer_text`, `is_correct`, `sort_order`) VALUES (2145,537,'a','Pour améliorer la qualité des documentaires.',0,0);
INSERT INTO `tcf_ce_answers` (`id`, `question_id`, `answer_key`, `answer_text`, `is_correct`, `sort_order`) VALUES (2146,537,'b','Pour dissimuler la pauvreté des contenus.',1,1);
INSERT INTO `tcf_ce_answers` (`id`, `question_id`, `answer_key`, `answer_text`, `is_correct`, `sort_order`) VALUES (2147,537,'c','Pour moderniser leurs méthodes de travail.',0,2);
INSERT INTO `tcf_ce_answers` (`id`, `question_id`, `answer_key`, `answer_text`, `is_correct`, `sort_order`) VALUES (2148,537,'d','Pour saper les gens visés par les enquêtes',0,3);
INSERT INTO `tcf_ce_answers` (`id`, `question_id`, `answer_key`, `answer_text`, `is_correct`, `sort_order`) VALUES (2149,538,'a','La méfiance des propriétaires',1,0);
INSERT INTO `tcf_ce_answers` (`id`, `question_id`, `answer_key`, `answer_text`, `is_correct`, `sort_order`) VALUES (2150,538,'b','La rareté des offres de logement.',0,1);
INSERT INTO `tcf_ce_answers` (`id`, `question_id`, `answer_key`, `answer_text`, `is_correct`, `sort_order`) VALUES (2151,538,'c','L\'absence d\'engagement de l\'État',0,2);
INSERT INTO `tcf_ce_answers` (`id`, `question_id`, `answer_key`, `answer_text`, `is_correct`, `sort_order`) VALUES (2152,538,'d','Le montant de la caution exigée',0,3);
INSERT INTO `tcf_ce_answers` (`id`, `question_id`, `answer_key`, `answer_text`, `is_correct`, `sort_order`) VALUES (2153,539,'a','L\'inauguration d\'une exposition temporaire',0,0);
INSERT INTO `tcf_ce_answers` (`id`, `question_id`, `answer_key`, `answer_text`, `is_correct`, `sort_order`) VALUES (2154,539,'b','L\'inscription d\'une œuvre au patrimoine mondial',0,1);
INSERT INTO `tcf_ce_answers` (`id`, `question_id`, `answer_key`, `answer_text`, `is_correct`, `sort_order`) VALUES (2155,539,'c','L\'ouverture au public d\'une zone dangereuse',0,2);
INSERT INTO `tcf_ce_answers` (`id`, `question_id`, `answer_key`, `answer_text`, `is_correct`, `sort_order`) VALUES (2156,539,'d','L\'accès réglementé à un emplacement protégé',1,3);
INSERT INTO `tcf_ce_answers` (`id`, `question_id`, `answer_key`, `answer_text`, `is_correct`, `sort_order`) VALUES (2157,540,'a','L\'affrontement entre partenaires sociaux',0,0);
INSERT INTO `tcf_ce_answers` (`id`, `question_id`, `answer_key`, `answer_text`, `is_correct`, `sort_order`) VALUES (2158,540,'b','L\'avancée majeure en termes de fiscalité',0,1);
INSERT INTO `tcf_ce_answers` (`id`, `question_id`, `answer_key`, `answer_text`, `is_correct`, `sort_order`) VALUES (2159,540,'c','La proclamation de réformes importantes',0,2);
INSERT INTO `tcf_ce_answers` (`id`, `question_id`, `answer_key`, `answer_text`, `is_correct`, `sort_order`) VALUES (2160,540,'d','L\'absence de prise de décisions effectives',1,3);
INSERT INTO `tcf_ce_answers` (`id`, `question_id`, `answer_key`, `answer_text`, `is_correct`, `sort_order`) VALUES (2161,541,'a','Elle concerne uniquement les économies fortes',0,0);
INSERT INTO `tcf_ce_answers` (`id`, `question_id`, `answer_key`, `answer_text`, `is_correct`, `sort_order`) VALUES (2162,541,'b','Elle freine l\'utilisation de ressources renouvelables',0,1);
INSERT INTO `tcf_ce_answers` (`id`, `question_id`, `answer_key`, `answer_text`, `is_correct`, `sort_order`) VALUES (2163,541,'c','Elle permet le dépassement des normes édictées',1,2);
INSERT INTO `tcf_ce_answers` (`id`, `question_id`, `answer_key`, `answer_text`, `is_correct`, `sort_order`) VALUES (2164,541,'d','Elle ralentit le progrès dans les états émergents',0,3);
INSERT INTO `tcf_ce_answers` (`id`, `question_id`, `answer_key`, `answer_text`, `is_correct`, `sort_order`) VALUES (2165,542,'a','L\'extension d\'un système de climatisation à tout un quartier',1,0);
INSERT INTO `tcf_ce_answers` (`id`, `question_id`, `answer_key`, `answer_text`, `is_correct`, `sort_order`) VALUES (2166,542,'b','L\'installation des parcs sur les toits des bâtiments parisiens',0,1);
INSERT INTO `tcf_ce_answers` (`id`, `question_id`, `answer_key`, `answer_text`, `is_correct`, `sort_order`) VALUES (2167,542,'c','La construction de pistes cyclables au sommet des immeubles',0,2);
INSERT INTO `tcf_ce_answers` (`id`, `question_id`, `answer_key`, `answer_text`, `is_correct`, `sort_order`) VALUES (2168,542,'d','La création de jardins communs pour planter des légumes',0,3);
INSERT INTO `tcf_ce_answers` (`id`, `question_id`, `answer_key`, `answer_text`, `is_correct`, `sort_order`) VALUES (2169,543,'a','Il conteste la fiabilité des sources d\'internet.',0,0);
INSERT INTO `tcf_ce_answers` (`id`, `question_id`, `answer_key`, `answer_text`, `is_correct`, `sort_order`) VALUES (2170,543,'b','Il critique la surabondance de l\'information.',0,1);
INSERT INTO `tcf_ce_answers` (`id`, `question_id`, `answer_key`, `answer_text`, `is_correct`, `sort_order`) VALUES (2171,543,'c','Il dénonce la médiocrité de la presse écrite.',0,2);
INSERT INTO `tcf_ce_answers` (`id`, `question_id`, `answer_key`, `answer_text`, `is_correct`, `sort_order`) VALUES (2172,543,'d','Il doute de l\'intérêt des médias traditionnels.',1,3);
INSERT INTO `tcf_ce_answers` (`id`, `question_id`, `answer_key`, `answer_text`, `is_correct`, `sort_order`) VALUES (2173,544,'a','Les acheteurs opposés au téléchargement illégal',0,0);
INSERT INTO `tcf_ce_answers` (`id`, `question_id`, `answer_key`, `answer_text`, `is_correct`, `sort_order`) VALUES (2174,544,'b','Les amateurs de subtilité et de raffinement musical',1,1);
INSERT INTO `tcf_ce_answers` (`id`, `question_id`, `answer_key`, `answer_text`, `is_correct`, `sort_order`) VALUES (2175,544,'c','Les admirateurs inconditionnels de l\'interprète',0,2);
INSERT INTO `tcf_ce_answers` (`id`, `question_id`, `answer_key`, `answer_text`, `is_correct`, `sort_order`) VALUES (2176,544,'d','Les curieux en mal de musique expérimentale',0,3);
INSERT INTO `tcf_ce_answers` (`id`, `question_id`, `answer_key`, `answer_text`, `is_correct`, `sort_order`) VALUES (2177,545,'a','À s\'acquitter d\'un engagement moral',0,0);
INSERT INTO `tcf_ce_answers` (`id`, `question_id`, `answer_key`, `answer_text`, `is_correct`, `sort_order`) VALUES (2178,545,'b','À s\'affranchir d\'une histoire ancienne',1,1);
INSERT INTO `tcf_ce_answers` (`id`, `question_id`, `answer_key`, `answer_text`, `is_correct`, `sort_order`) VALUES (2179,545,'c','À se défaire d\'un sentiment de culpabilité',0,2);
INSERT INTO `tcf_ce_answers` (`id`, `question_id`, `answer_key`, `answer_text`, `is_correct`, `sort_order`) VALUES (2180,545,'d','À se justifier d\'une action peu glorieuse',0,3);
INSERT INTO `tcf_ce_answers` (`id`, `question_id`, `answer_key`, `answer_text`, `is_correct`, `sort_order`) VALUES (2181,546,'a','Ce choix creuse les inégalités sociales',0,0);
INSERT INTO `tcf_ce_answers` (`id`, `question_id`, `answer_key`, `answer_text`, `is_correct`, `sort_order`) VALUES (2182,546,'b','Ce projet omet des questions de sécurité',0,1);
INSERT INTO `tcf_ce_answers` (`id`, `question_id`, `answer_key`, `answer_text`, `is_correct`, `sort_order`) VALUES (2183,546,'c','Cette démarche déresponsabilise les usagers',0,2);
INSERT INTO `tcf_ce_answers` (`id`, `question_id`, `answer_key`, `answer_text`, `is_correct`, `sort_order`) VALUES (2184,546,'d','Cette initiative coûte beaucoup trop cher',1,3);
INSERT INTO `tcf_ce_answers` (`id`, `question_id`, `answer_key`, `answer_text`, `is_correct`, `sort_order`) VALUES (2185,547,'a','Pour découvrir de nouvelles références',1,0);
INSERT INTO `tcf_ce_answers` (`id`, `question_id`, `answer_key`, `answer_text`, `is_correct`, `sort_order`) VALUES (2186,547,'b','Pour posséder une bibliothèque fournie',0,1);
INSERT INTO `tcf_ce_answers` (`id`, `question_id`, `answer_key`, `answer_text`, `is_correct`, `sort_order`) VALUES (2187,547,'c','Pour s\'évader vers des horizons lointains',0,2);
INSERT INTO `tcf_ce_answers` (`id`, `question_id`, `answer_key`, `answer_text`, `is_correct`, `sort_order`) VALUES (2188,547,'d','Pour trouver des remèdes à ses maux',0,3);
INSERT INTO `tcf_ce_answers` (`id`, `question_id`, `answer_key`, `answer_text`, `is_correct`, `sort_order`) VALUES (2189,548,'a','D\'un anniversaire',0,0);
INSERT INTO `tcf_ce_answers` (`id`, `question_id`, `answer_key`, `answer_text`, `is_correct`, `sort_order`) VALUES (2190,548,'b','D\'un décès',0,1);
INSERT INTO `tcf_ce_answers` (`id`, `question_id`, `answer_key`, `answer_text`, `is_correct`, `sort_order`) VALUES (2191,548,'c','D\'un mariage',0,2);
INSERT INTO `tcf_ce_answers` (`id`, `question_id`, `answer_key`, `answer_text`, `is_correct`, `sort_order`) VALUES (2192,548,'d','D\'une naissance',1,3);
INSERT INTO `tcf_ce_answers` (`id`, `question_id`, `answer_key`, `answer_text`, `is_correct`, `sort_order`) VALUES (2193,549,'a','Elle étudie son français',0,0);
INSERT INTO `tcf_ce_answers` (`id`, `question_id`, `answer_key`, `answer_text`, `is_correct`, `sort_order`) VALUES (2194,549,'b','Elle invite son ami Rémi',0,1);
INSERT INTO `tcf_ce_answers` (`id`, `question_id`, `answer_key`, `answer_text`, `is_correct`, `sort_order`) VALUES (2195,549,'c','Elle reste chez elle',1,2);
INSERT INTO `tcf_ce_answers` (`id`, `question_id`, `answer_key`, `answer_text`, `is_correct`, `sort_order`) VALUES (2196,549,'d','Elle va à la bibliothèque',0,3);
INSERT INTO `tcf_ce_answers` (`id`, `question_id`, `answer_key`, `answer_text`, `is_correct`, `sort_order`) VALUES (2197,550,'a','Aller voir un film',1,0);
INSERT INTO `tcf_ce_answers` (`id`, `question_id`, `answer_key`, `answer_text`, `is_correct`, `sort_order`) VALUES (2198,550,'b','Dîner avec Fred',0,1);
INSERT INTO `tcf_ce_answers` (`id`, `question_id`, `answer_key`, `answer_text`, `is_correct`, `sort_order`) VALUES (2199,550,'c','Passer chez un ami',0,2);
INSERT INTO `tcf_ce_answers` (`id`, `question_id`, `answer_key`, `answer_text`, `is_correct`, `sort_order`) VALUES (2200,550,'d','Rester au travail',0,3);
INSERT INTO `tcf_ce_answers` (`id`, `question_id`, `answer_key`, `answer_text`, `is_correct`, `sort_order`) VALUES (2201,551,'a','Elle chante',0,0);
INSERT INTO `tcf_ce_answers` (`id`, `question_id`, `answer_key`, `answer_text`, `is_correct`, `sort_order`) VALUES (2202,551,'b','Elle court',0,1);
INSERT INTO `tcf_ce_answers` (`id`, `question_id`, `answer_key`, `answer_text`, `is_correct`, `sort_order`) VALUES (2203,551,'c','Elle étudie',0,2);
INSERT INTO `tcf_ce_answers` (`id`, `question_id`, `answer_key`, `answer_text`, `is_correct`, `sort_order`) VALUES (2204,551,'d','Elle nage',1,3);
INSERT INTO `tcf_ce_answers` (`id`, `question_id`, `answer_key`, `answer_text`, `is_correct`, `sort_order`) VALUES (2205,552,'a','De jeunes enfants',0,0);
INSERT INTO `tcf_ce_answers` (`id`, `question_id`, `answer_key`, `answer_text`, `is_correct`, `sort_order`) VALUES (2206,552,'b','Des femmes et des enfants',0,1);
INSERT INTO `tcf_ce_answers` (`id`, `question_id`, `answer_key`, `answer_text`, `is_correct`, `sort_order`) VALUES (2207,552,'c','De jeunes mamans',1,2);
INSERT INTO `tcf_ce_answers` (`id`, `question_id`, `answer_key`, `answer_text`, `is_correct`, `sort_order`) VALUES (2208,552,'d','Des parents avec leurs enfants',0,3);
INSERT INTO `tcf_ce_answers` (`id`, `question_id`, `answer_key`, `answer_text`, `is_correct`, `sort_order`) VALUES (2209,553,'a','Bien choisir ses vêtements',1,0);
INSERT INTO `tcf_ce_answers` (`id`, `question_id`, `answer_key`, `answer_text`, `is_correct`, `sort_order`) VALUES (2210,553,'b','Chercher les horaires du bus',0,1);
INSERT INTO `tcf_ce_answers` (`id`, `question_id`, `answer_key`, `answer_text`, `is_correct`, `sort_order`) VALUES (2211,553,'c','Envoyer un courriel à Sam',0,2);
INSERT INTO `tcf_ce_answers` (`id`, `question_id`, `answer_key`, `answer_text`, `is_correct`, `sort_order`) VALUES (2212,553,'d','Trouver une location de vacances',0,3);
INSERT INTO `tcf_ce_answers` (`id`, `question_id`, `answer_key`, `answer_text`, `is_correct`, `sort_order`) VALUES (2213,554,'a','Aller à un anniversaire',0,0);
INSERT INTO `tcf_ce_answers` (`id`, `question_id`, `answer_key`, `answer_text`, `is_correct`, `sort_order`) VALUES (2214,554,'b','Dîner avec son amie',0,1);
INSERT INTO `tcf_ce_answers` (`id`, `question_id`, `answer_key`, `answer_text`, `is_correct`, `sort_order`) VALUES (2215,554,'c','Partir en week-end',0,2);
INSERT INTO `tcf_ce_answers` (`id`, `question_id`, `answer_key`, `answer_text`, `is_correct`, `sort_order`) VALUES (2216,554,'d','Regarder des films',1,3);
INSERT INTO `tcf_ce_answers` (`id`, `question_id`, `answer_key`, `answer_text`, `is_correct`, `sort_order`) VALUES (2217,555,'a','De l\'inscription des élèves',0,0);
INSERT INTO `tcf_ce_answers` (`id`, `question_id`, `answer_key`, `answer_text`, `is_correct`, `sort_order`) VALUES (2218,555,'b','Des horaires de sortie',1,1);
INSERT INTO `tcf_ce_answers` (`id`, `question_id`, `answer_key`, `answer_text`, `is_correct`, `sort_order`) VALUES (2219,555,'c','Des repas à la cantine',0,2);
INSERT INTO `tcf_ce_answers` (`id`, `question_id`, `answer_key`, `answer_text`, `is_correct`, `sort_order`) VALUES (2220,555,'d','Du temps de repos',0,3);
INSERT INTO `tcf_ce_answers` (`id`, `question_id`, `answer_key`, `answer_text`, `is_correct`, `sort_order`) VALUES (2221,556,'a','L\'alimentation',1,0);
INSERT INTO `tcf_ce_answers` (`id`, `question_id`, `answer_key`, `answer_text`, `is_correct`, `sort_order`) VALUES (2222,556,'b','L\'éducation',0,1);
INSERT INTO `tcf_ce_answers` (`id`, `question_id`, `answer_key`, `answer_text`, `is_correct`, `sort_order`) VALUES (2223,556,'c','La cuisine',0,2);
INSERT INTO `tcf_ce_answers` (`id`, `question_id`, `answer_key`, `answer_text`, `is_correct`, `sort_order`) VALUES (2224,556,'d','Le commerce',0,3);
INSERT INTO `tcf_ce_answers` (`id`, `question_id`, `answer_key`, `answer_text`, `is_correct`, `sort_order`) VALUES (2225,557,'a','D\'envoyer des photos',1,0);
INSERT INTO `tcf_ce_answers` (`id`, `question_id`, `answer_key`, `answer_text`, `is_correct`, `sort_order`) VALUES (2226,557,'b','D\'inventer une recette.',0,1);
INSERT INTO `tcf_ce_answers` (`id`, `question_id`, `answer_key`, `answer_text`, `is_correct`, `sort_order`) VALUES (2227,557,'c','De créer un spectacle.',0,2);
INSERT INTO `tcf_ce_answers` (`id`, `question_id`, `answer_key`, `answer_text`, `is_correct`, `sort_order`) VALUES (2228,557,'d','De découvrir une langue',0,3);
INSERT INTO `tcf_ce_answers` (`id`, `question_id`, `answer_key`, `answer_text`, `is_correct`, `sort_order`) VALUES (2229,558,'a','Dialoguer avec le personnel enseignant.',1,0);
INSERT INTO `tcf_ce_answers` (`id`, `question_id`, `answer_key`, `answer_text`, `is_correct`, `sort_order`) VALUES (2230,558,'b','Écouter une présentation du directeur.',0,1);
INSERT INTO `tcf_ce_answers` (`id`, `question_id`, `answer_key`, `answer_text`, `is_correct`, `sort_order`) VALUES (2231,558,'c','Participer à une conférence sur l\'éducation.',0,2);
INSERT INTO `tcf_ce_answers` (`id`, `question_id`, `answer_key`, `answer_text`, `is_correct`, `sort_order`) VALUES (2232,558,'d','Répondre à un questionnaire sur les cours.',0,3);
INSERT INTO `tcf_ce_answers` (`id`, `question_id`, `answer_key`, `answer_text`, `is_correct`, `sort_order`) VALUES (2233,559,'a','D\'utiliser des crèmes solaires à base de chocolat',0,0);
INSERT INTO `tcf_ce_answers` (`id`, `question_id`, `answer_key`, `answer_text`, `is_correct`, `sort_order`) VALUES (2234,559,'b','De diminuer sa consommation de chocolat',0,1);
INSERT INTO `tcf_ce_answers` (`id`, `question_id`, `answer_key`, `answer_text`, `is_correct`, `sort_order`) VALUES (2235,559,'c','De manger quotidiennement du chocolat',1,2);
INSERT INTO `tcf_ce_answers` (`id`, `question_id`, `answer_key`, `answer_text`, `is_correct`, `sort_order`) VALUES (2236,559,'d','De suivre un traitement de pilules au chocolat',0,3);
INSERT INTO `tcf_ce_answers` (`id`, `question_id`, `answer_key`, `answer_text`, `is_correct`, `sort_order`) VALUES (2237,560,'a','Elles adorent utiliser Facebook',0,0);
INSERT INTO `tcf_ce_answers` (`id`, `question_id`, `answer_key`, `answer_text`, `is_correct`, `sort_order`) VALUES (2238,560,'b','Elles enseignent dans la même école',0,1);
INSERT INTO `tcf_ce_answers` (`id`, `question_id`, `answer_key`, `answer_text`, `is_correct`, `sort_order`) VALUES (2239,560,'c','Elles habitent dans le même pays',1,2);
INSERT INTO `tcf_ce_answers` (`id`, `question_id`, `answer_key`, `answer_text`, `is_correct`, `sort_order`) VALUES (2240,560,'d','Elles ont la même famille adoptive',0,3);
INSERT INTO `tcf_ce_answers` (`id`, `question_id`, `answer_key`, `answer_text`, `is_correct`, `sort_order`) VALUES (2241,561,'a','La difficulté de trouver un stage à l\'étranger',0,0);
INSERT INTO `tcf_ce_answers` (`id`, `question_id`, `answer_key`, `answer_text`, `is_correct`, `sort_order`) VALUES (2242,561,'b','La nécessité de s\'exiler pour pouvoir travailler',1,1);
INSERT INTO `tcf_ce_answers` (`id`, `question_id`, `answer_key`, `answer_text`, `is_correct`, `sort_order`) VALUES (2243,561,'c','Le manque de formation des jeunes diplômés',0,2);
INSERT INTO `tcf_ce_answers` (`id`, `question_id`, `answer_key`, `answer_text`, `is_correct`, `sort_order`) VALUES (2244,561,'d','Le niveau trop faible des salaires proposés',0,3);
INSERT INTO `tcf_ce_answers` (`id`, `question_id`, `answer_key`, `answer_text`, `is_correct`, `sort_order`) VALUES (2245,562,'a','D\'alléger les emplois du temps le lundi pour les professeurs',0,0);
INSERT INTO `tcf_ce_answers` (`id`, `question_id`, `answer_key`, `answer_text`, `is_correct`, `sort_order`) VALUES (2246,562,'b','De permettre aux enfants de faire leur travail du soir en classe',1,1);
INSERT INTO `tcf_ce_answers` (`id`, `question_id`, `answer_key`, `answer_text`, `is_correct`, `sort_order`) VALUES (2247,562,'c','De supprimer totalement le travail à la maison pour les élèves',0,2);
INSERT INTO `tcf_ce_answers` (`id`, `question_id`, `answer_key`, `answer_text`, `is_correct`, `sort_order`) VALUES (2248,562,'d','D\'inviter les parents à des visites régulières de l\'établissement',0,3);
INSERT INTO `tcf_ce_answers` (`id`, `question_id`, `answer_key`, `answer_text`, `is_correct`, `sort_order`) VALUES (2249,563,'a','De faciliter les rencontres avec des sportifs handicapés',0,0);
INSERT INTO `tcf_ce_answers` (`id`, `question_id`, `answer_key`, `answer_text`, `is_correct`, `sort_order`) VALUES (2250,563,'b','De trouver des entraîneurs spécialisés en handisport',0,1);
INSERT INTO `tcf_ce_answers` (`id`, `question_id`, `answer_key`, `answer_text`, `is_correct`, `sort_order`) VALUES (2251,563,'c','D\'encourager les personnes handicapées à faire du sport',1,2);
INSERT INTO `tcf_ce_answers` (`id`, `question_id`, `answer_key`, `answer_text`, `is_correct`, `sort_order`) VALUES (2252,563,'d','D\'organiser les matchs avec des sportifs handicapés',0,3);
INSERT INTO `tcf_ce_answers` (`id`, `question_id`, `answer_key`, `answer_text`, `is_correct`, `sort_order`) VALUES (2253,564,'a','Leur curiosité',1,0);
INSERT INTO `tcf_ce_answers` (`id`, `question_id`, `answer_key`, `answer_text`, `is_correct`, `sort_order`) VALUES (2254,564,'b','Leur imagination',0,1);
INSERT INTO `tcf_ce_answers` (`id`, `question_id`, `answer_key`, `answer_text`, `is_correct`, `sort_order`) VALUES (2255,564,'c','Leur mémoire',0,2);
INSERT INTO `tcf_ce_answers` (`id`, `question_id`, `answer_key`, `answer_text`, `is_correct`, `sort_order`) VALUES (2256,564,'d','Leur obéissance',0,3);
INSERT INTO `tcf_ce_answers` (`id`, `question_id`, `answer_key`, `answer_text`, `is_correct`, `sort_order`) VALUES (2257,565,'a','Des idées de stages en entreprise.',0,0);
INSERT INTO `tcf_ce_answers` (`id`, `question_id`, `answer_key`, `answer_text`, `is_correct`, `sort_order`) VALUES (2258,565,'b','Un guide des démarches d\'inscription',0,1);
INSERT INTO `tcf_ce_answers` (`id`, `question_id`, `answer_key`, `answer_text`, `is_correct`, `sort_order`) VALUES (2259,565,'c','Une méthode pour choisir une formation',1,2);
INSERT INTO `tcf_ce_answers` (`id`, `question_id`, `answer_key`, `answer_text`, `is_correct`, `sort_order`) VALUES (2260,565,'d','Une sélection des meilleures universités',0,3);
INSERT INTO `tcf_ce_answers` (`id`, `question_id`, `answer_key`, `answer_text`, `is_correct`, `sort_order`) VALUES (2261,566,'a','Annuler un rendez-vous',0,0);
INSERT INTO `tcf_ce_answers` (`id`, `question_id`, `answer_key`, `answer_text`, `is_correct`, `sort_order`) VALUES (2262,566,'b','Chercher des documents',0,1);
INSERT INTO `tcf_ce_answers` (`id`, `question_id`, `answer_key`, `answer_text`, `is_correct`, `sort_order`) VALUES (2263,566,'c','Envoyer un curriculum vitae',0,2);
INSERT INTO `tcf_ce_answers` (`id`, `question_id`, `answer_key`, `answer_text`, `is_correct`, `sort_order`) VALUES (2264,566,'d','Téléphoner à l\'entreprise',1,3);
INSERT INTO `tcf_ce_answers` (`id`, `question_id`, `answer_key`, `answer_text`, `is_correct`, `sort_order`) VALUES (2265,567,'a','Annoncer l\'achat d\'un appartement',0,0);
INSERT INTO `tcf_ce_answers` (`id`, `question_id`, `answer_key`, `answer_text`, `is_correct`, `sort_order`) VALUES (2266,567,'b','Donner des nouvelles à des amis',0,1);
INSERT INTO `tcf_ce_answers` (`id`, `question_id`, `answer_key`, `answer_text`, `is_correct`, `sort_order`) VALUES (2267,567,'c','Envoyer des vœux de nouvel an',1,2);
INSERT INTO `tcf_ce_answers` (`id`, `question_id`, `answer_key`, `answer_text`, `is_correct`, `sort_order`) VALUES (2268,567,'d','Organiser un voyage en Corse',0,3);
INSERT INTO `tcf_ce_answers` (`id`, `question_id`, `answer_key`, `answer_text`, `is_correct`, `sort_order`) VALUES (2269,568,'a','La priorité donnée à l\'aspect écologique.',0,0);
INSERT INTO `tcf_ce_answers` (`id`, `question_id`, `answer_key`, `answer_text`, `is_correct`, `sort_order`) VALUES (2270,568,'b','La prise en compte de l\'opinion publique.',1,1);
INSERT INTO `tcf_ce_answers` (`id`, `question_id`, `answer_key`, `answer_text`, `is_correct`, `sort_order`) VALUES (2271,568,'c','Le caractère provisoire de l\'installation',0,2);
INSERT INTO `tcf_ce_answers` (`id`, `question_id`, `answer_key`, `answer_text`, `is_correct`, `sort_order`) VALUES (2272,568,'d','Le choix des matériaux de fabrication',0,3);
INSERT INTO `tcf_ce_answers` (`id`, `question_id`, `answer_key`, `answer_text`, `is_correct`, `sort_order`) VALUES (2273,569,'a','Ils éloignent les jeunes du monde des adultes.',0,0);
INSERT INTO `tcf_ce_answers` (`id`, `question_id`, `answer_key`, `answer_text`, `is_correct`, `sort_order`) VALUES (2274,569,'b','Ils entraînent des comportements de type addictif.',0,1);
INSERT INTO `tcf_ce_answers` (`id`, `question_id`, `answer_key`, `answer_text`, `is_correct`, `sort_order`) VALUES (2275,569,'c','Ils ont tendance à couper les adolescents du réel',0,2);
INSERT INTO `tcf_ce_answers` (`id`, `question_id`, `answer_key`, `answer_text`, `is_correct`, `sort_order`) VALUES (2276,569,'d','Ils peuvent être utilisés comme outils de contrôle',1,3);
INSERT INTO `tcf_ce_answers` (`id`, `question_id`, `answer_key`, `answer_text`, `is_correct`, `sort_order`) VALUES (2277,570,'a','Le résultat d\'une lutte menée par des gens orgueilleux et intolérants.',0,0);
INSERT INTO `tcf_ce_answers` (`id`, `question_id`, `answer_key`, `answer_text`, `is_correct`, `sort_order`) VALUES (2278,570,'b','Le triomphe d\'une opinion émise par Apollinaire mais autrefois combattue.',1,1);
INSERT INTO `tcf_ce_answers` (`id`, `question_id`, `answer_key`, `answer_text`, `is_correct`, `sort_order`) VALUES (2279,570,'c','Un miracle dû à la persévérance des archéologues sur plusieurs continents.',0,2);
INSERT INTO `tcf_ce_answers` (`id`, `question_id`, `answer_key`, `answer_text`, `is_correct`, `sort_order`) VALUES (2280,570,'d','La consécration des œuvres européennes jusqu\'alors remisées dans les musées.',0,3);
INSERT INTO `tcf_ce_answers` (`id`, `question_id`, `answer_key`, `answer_text`, `is_correct`, `sort_order`) VALUES (2281,571,'a','La fréquentation de ses congénères.',1,0);
INSERT INTO `tcf_ce_answers` (`id`, `question_id`, `answer_key`, `answer_text`, `is_correct`, `sort_order`) VALUES (2282,571,'b','L\'amélioration de son habitat naturel.',0,1);
INSERT INTO `tcf_ce_answers` (`id`, `question_id`, `answer_key`, `answer_text`, `is_correct`, `sort_order`) VALUES (2283,571,'c','Les mutations de son organisme.',0,2);
INSERT INTO `tcf_ce_answers` (`id`, `question_id`, `answer_key`, `answer_text`, `is_correct`, `sort_order`) VALUES (2284,571,'d','L\'extermination des autres espèces.',0,3);
INSERT INTO `tcf_ce_answers` (`id`, `question_id`, `answer_key`, `answer_text`, `is_correct`, `sort_order`) VALUES (2285,572,'a','Elle aura un meilleur pouvoir d\'achat sous peu.',1,0);
INSERT INTO `tcf_ce_answers` (`id`, `question_id`, `answer_key`, `answer_text`, `is_correct`, `sort_order`) VALUES (2286,572,'b','Elle se débrouille sans l\'aide de personne.',0,1);
INSERT INTO `tcf_ce_answers` (`id`, `question_id`, `answer_key`, `answer_text`, `is_correct`, `sort_order`) VALUES (2287,572,'c','Elle trouvera facilement un emploi après l\'université.',0,2);
INSERT INTO `tcf_ce_answers` (`id`, `question_id`, `answer_key`, `answer_text`, `is_correct`, `sort_order`) VALUES (2288,572,'d','Elle va habiter près de chez ses parents.',0,3);
INSERT INTO `tcf_ce_answers` (`id`, `question_id`, `answer_key`, `answer_text`, `is_correct`, `sort_order`) VALUES (2289,573,'a','La consommation de gaz dans le monde augmente.',0,0);
INSERT INTO `tcf_ce_answers` (`id`, `question_id`, `answer_key`, `answer_text`, `is_correct`, `sort_order`) VALUES (2290,573,'b','La demande croissante en gaz a des effets sur le climat.',0,1);
INSERT INTO `tcf_ce_answers` (`id`, `question_id`, `answer_key`, `answer_text`, `is_correct`, `sort_order`) VALUES (2291,573,'c','Les besoins en gaz des Américains sont supérieurs à l\'offre.',0,2);
INSERT INTO `tcf_ce_answers` (`id`, `question_id`, `answer_key`, `answer_text`, `is_correct`, `sort_order`) VALUES (2292,573,'d','Les ressources en gaz à l\'échelle mondiale s\'accroissent.',1,3);
INSERT INTO `tcf_ce_answers` (`id`, `question_id`, `answer_key`, `answer_text`, `is_correct`, `sort_order`) VALUES (2293,574,'a','Un obstacle pour les bateaux de pêche.',0,0);
INSERT INTO `tcf_ce_answers` (`id`, `question_id`, `answer_key`, `answer_text`, `is_correct`, `sort_order`) VALUES (2294,574,'b','Un réchauffement dramatique des eaux.',0,1);
INSERT INTO `tcf_ce_answers` (`id`, `question_id`, `answer_key`, `answer_text`, `is_correct`, `sort_order`) VALUES (2295,574,'c','Un risque d\'intoxication des populations du Pacifique.',0,2);
INSERT INTO `tcf_ce_answers` (`id`, `question_id`, `answer_key`, `answer_text`, `is_correct`, `sort_order`) VALUES (2296,574,'d','Une diminution de la diversité de la faune océanique.',1,3);
INSERT INTO `tcf_ce_answers` (`id`, `question_id`, `answer_key`, `answer_text`, `is_correct`, `sort_order`) VALUES (2297,575,'a','La manipulation des clients par les industriels.',1,0);
INSERT INTO `tcf_ce_answers` (`id`, `question_id`, `answer_key`, `answer_text`, `is_correct`, `sort_order`) VALUES (2298,575,'b','L\'attitude imprévisible des consommateurs.',0,1);
INSERT INTO `tcf_ce_answers` (`id`, `question_id`, `answer_key`, `answer_text`, `is_correct`, `sort_order`) VALUES (2299,575,'c','L\'uniformisation des saveurs et des goûts',0,2);
INSERT INTO `tcf_ce_answers` (`id`, `question_id`, `answer_key`, `answer_text`, `is_correct`, `sort_order`) VALUES (2300,575,'d','L\'utilisation abusive des produits de synthèse.',0,3);
INSERT INTO `tcf_ce_answers` (`id`, `question_id`, `answer_key`, `answer_text`, `is_correct`, `sort_order`) VALUES (2301,576,'a','Aux hôtes du parlement.',1,0);
INSERT INTO `tcf_ce_answers` (`id`, `question_id`, `answer_key`, `answer_text`, `is_correct`, `sort_order`) VALUES (2302,576,'b','Aux idées débattues.',0,1);
INSERT INTO `tcf_ce_answers` (`id`, `question_id`, `answer_key`, `answer_text`, `is_correct`, `sort_order`) VALUES (2303,576,'c','Aux pays représentés.',0,2);
INSERT INTO `tcf_ce_answers` (`id`, `question_id`, `answer_key`, `answer_text`, `is_correct`, `sort_order`) VALUES (2304,576,'d','Aux projets de loi votés.',0,3);
INSERT INTO `tcf_ce_answers` (`id`, `question_id`, `answer_key`, `answer_text`, `is_correct`, `sort_order`) VALUES (2305,577,'a','Il commente une loi.',0,0);
INSERT INTO `tcf_ce_answers` (`id`, `question_id`, `answer_key`, `answer_text`, `is_correct`, `sort_order`) VALUES (2306,577,'b','Il donne un conseil.',1,1);
INSERT INTO `tcf_ce_answers` (`id`, `question_id`, `answer_key`, `answer_text`, `is_correct`, `sort_order`) VALUES (2307,577,'c','Il formule une plainte.',0,2);
INSERT INTO `tcf_ce_answers` (`id`, `question_id`, `answer_key`, `answer_text`, `is_correct`, `sort_order`) VALUES (2308,577,'d','Il raconte une anecdote.',0,3);
INSERT INTO `tcf_ce_answers` (`id`, `question_id`, `answer_key`, `answer_text`, `is_correct`, `sort_order`) VALUES (2309,578,'a','Les coûts élevés des investissements.',0,0);
INSERT INTO `tcf_ce_answers` (`id`, `question_id`, `answer_key`, `answer_text`, `is_correct`, `sort_order`) VALUES (2310,578,'b','Les faibles qualifications des employés.',0,1);
INSERT INTO `tcf_ce_answers` (`id`, `question_id`, `answer_key`, `answer_text`, `is_correct`, `sort_order`) VALUES (2311,578,'c','Les réticences émises par la clientèle.',1,2);
INSERT INTO `tcf_ce_answers` (`id`, `question_id`, `answer_key`, `answer_text`, `is_correct`, `sort_order`) VALUES (2312,578,'d','Les spécificités de certains métiers.',0,3);
/*!40000 ALTER TABLE `tcf_ce_answers` ENABLE KEYS */;
UNLOCK TABLES;

LOCK TABLES `tcf_ce_consignes` WRITE;
/*!40000 ALTER TABLE `tcf_ce_consignes` DISABLE KEYS */;
INSERT INTO `tcf_ce_consignes` (`id`, `title`, `body`, `section_key`, `visibility`, `is_published`, `sort_order`, `updated_at`) VALUES (1,'Structure de l’épreuve et stratégie de scoring','<!-- tcf-ce-guide-v1 -->\n<div class=\"ee-consigne-body\">\n    <h4>Format officiel</h4>\n    <p>L’épreuve de compréhension écrite TCF Canada se compose de <strong>39 questions</strong> réparties sur les niveaux de A1 à C2. Chaque question a un poids différent selon sa difficulté. La durée totale est de <strong>60 min</strong>.</p>\n    <h4>Liberté de l’ordre des questions</h4>\n    <p>Contrairement à d’autres examens, vous n’êtes pas obligé de répondre dans l’ordre. Vous pouvez commencer par la question de votre choix et naviguer librement entre les questions.</p>\n    <h4>Stratégie recommandée : commencez par la fin</h4>\n    <p>Les dernières questions valent plus de points. Voici le barème complet :</p>\n    <ul>\n        <li><strong>Questions 36-39 (C2) :</strong> 33 points chacune</li>\n        <li><strong>Questions 30-35 (C1) :</strong> 26 points chacune</li>\n        <li><strong>Questions 20-29 (B2) :</strong> 21 points chacune</li>\n        <li><strong>Questions 11-19 (B1) :</strong> 15 points chacune</li>\n        <li><strong>Questions 5-10 (A2) :</strong> 9 points chacune</li>\n        <li><strong>Questions 1-4 (A1) :</strong> 3 points chacune</li>\n    </ul>\n    <p><strong>Stratégie optimale :</strong> commencez par les questions 36-39 (33 points chacune), puis progressez vers les questions moins difficiles. Mieux vaut répondre correctement à 20 questions difficiles qu’à 30 questions faciles.</p>\n    <h4>Points clés à retenir</h4>\n    <ul>\n        <li>Total : <strong>39 questions = 699 points</strong></li>\n        <li>Vous pouvez sauter et revenir aux questions</li>\n        <li>Priorisez les questions à haut scoring</li>\n        <li>Durée : <strong>60 min</strong></li>\n        <li>Mieux vaut réussir les questions difficiles que multiplier les questions faciles</li>\n    </ul>\n</div>','structure','gratuit',1,1,'2026-07-22 23:03:21');
INSERT INTO `tcf_ce_consignes` (`id`, `title`, `body`, `section_key`, `visibility`, `is_published`, `sort_order`, `updated_at`) VALUES (2,'Les 5 techniques essentielles','<!-- tcf-ce-guide-v1 -->\n<div class=\"ee-consigne-body\">\n    <h4>1. Lecture active et sélective</h4>\n    <p>Ne lisez pas le texte en entier. Scannez d’abord les questions pour identifier ce que vous cherchez, puis lisez le texte en ciblant les informations pertinentes.</p>\n    <ul>\n        <li>Lisez les questions avant le texte</li>\n        <li>Cherchez les mots-clés</li>\n        <li>Utilisez le contexte pour comprendre les mots inconnus</li>\n    </ul>\n    <h4>2. Gestion du temps</h4>\n    <p>Vous avez 60 minutes pour 39 questions. Allouez environ <strong>1,5 minute</strong> par question. Ne vous attardez pas sur une question difficile.</p>\n    <ul>\n        <li>Priorisez les questions à haut scoring, puis revenez aux autres</li>\n        <li>Revenez aux questions difficiles si le temps le permet</li>\n        <li>Conservez du temps pour vérifier vos réponses</li>\n    </ul>\n    <h4>3. Reconnaissance des structures textuelles</h4>\n    <p>Identifiez la structure du texte (introduction, développement, conclusion). Cela vous aide à naviguer rapidement et à trouver les informations essentielles.</p>\n    <ul>\n        <li>Recherchez les marqueurs de transition (cependant, finalement, etc.)</li>\n        <li>Identifiez les paragraphes clés</li>\n        <li>Faites attention aux titres et sous-titres</li>\n    </ul>\n    <h4>4. Inférence et contexte</h4>\n    <p>Vous ne pouvez pas toujours trouver les réponses textuellement. Apprenez à faire des inférences et à utiliser le contexte pour comprendre le sens implicite.</p>\n    <ul>\n        <li>Utilisez les indices contextuels</li>\n        <li>Comprenez les synonymes et paraphrases</li>\n        <li>Analysez les relations entre les idées</li>\n    </ul>\n    <h4>5. Élimination des distracteurs</h4>\n    <p>Utilisez le processus d’élimination. Si vous n’êtes pas certain, éliminez les réponses clairement fausses ou contraires au texte.</p>\n    <ul>\n        <li>Cherchez les pièges courants (informations hors contexte)</li>\n        <li>Vérifiez la pertinence de chaque réponse</li>\n        <li>Méfiez-vous des réponses partiellement correctes</li>\n    </ul>\n</div>','techniques','gratuit',1,2,'2026-07-22 23:03:21');
INSERT INTO `tcf_ce_consignes` (`id`, `title`, `body`, `section_key`, `visibility`, `is_published`, `sort_order`, `updated_at`) VALUES (3,'Erreurs courantes à éviter','<!-- tcf-ce-guide-v1 -->\n<div class=\"ee-consigne-body\">\n    <h4>Lire trop lentement</h4>\n    <p>Vous n’avez pas le temps de lire chaque mot. Apprenez à scanner et à extraire les informations essentielles rapidement.</p>\n    <h4>Se fier au premier sens</h4>\n    <p>Les questions testent souvent la compréhension nuancée. Allez au-delà du sens littéral et cherchez le contexte implicite.</p>\n    <h4>Oublier les détails</h4>\n    <p>Les petits détails comptent beaucoup. Une seule lettre mal lue peut changer le sens. Lisez avec attention.</p>\n    <h4>Manquer de temps</h4>\n    <p>Si vous manquez de temps, vous risquez de répondre sans réfléchir. Apprenez à gérer votre rythme de travail.</p>\n    <h4>Ignorer le contexte culturel</h4>\n    <p>Certains textes font référence à la culture francophone. Familiarisez-vous avec ces références pour mieux comprendre.</p>\n    <h4>Changer vos réponses à la fin</h4>\n    <p>Votre premier instinct est généralement correct. Évitez de changer vos réponses sans une bonne raison.</p>\n</div>','erreurs','gratuit',1,3,'2026-07-22 23:03:21');
/*!40000 ALTER TABLE `tcf_ce_consignes` ENABLE KEYS */;
UNLOCK TABLES;

LOCK TABLES `tcf_co_exams` WRITE;
/*!40000 ALTER TABLE `tcf_co_exams` DISABLE KEYS */;
INSERT INTO `tcf_co_exams` (`id`, `slug`, `title`, `subtitle`, `intro_html`, `visibility`, `is_published`, `duration_seconds`, `published_at`, `created_by`, `created_at`, `updated_at`) VALUES (5,'comprehension-orale-1-demo-377559','Compréhension Orale 1 (démo)','Démo importée — remplacez par vos contenus',NULL,'gratuit',1,1800,'2026-07-22 23:02:08',NULL,'2026-07-22 23:02:08','2026-07-22 23:02:08');
/*!40000 ALTER TABLE `tcf_co_exams` ENABLE KEYS */;
UNLOCK TABLES;

LOCK TABLES `tcf_co_questions` WRITE;
/*!40000 ALTER TABLE `tcf_co_questions` DISABLE KEYS */;
INSERT INTO `tcf_co_questions` (`id`, `exam_id`, `sort_order`, `question_text`, `points`, `image_src`, `audio_src`, `created_at`) VALUES (10,5,1,'Que doit faire la personne selon l\'annonce ?',1,'uploads/co_media/demo1/image/1.jpg','uploads/co_media/demo1/audio/1.mp3','2026-07-22 23:02:08');
INSERT INTO `tcf_co_questions` (`id`, `exam_id`, `sort_order`, `question_text`, `points`, `image_src`, `audio_src`, `created_at`) VALUES (11,5,2,'Quel conseil est donné dans ce message ?',1,'uploads/co_media/demo1/image/2.jpg','uploads/co_media/demo1/audio/2.mp3','2026-07-22 23:02:08');
INSERT INTO `tcf_co_questions` (`id`, `exam_id`, `sort_order`, `question_text`, `points`, `image_src`, `audio_src`, `created_at`) VALUES (12,5,3,'Quelle information entend-on dans cette publicité ?',1,'uploads/co_media/demo1/image/3.jpg','uploads/co_media/demo1/audio/3.mp3','2026-07-22 23:02:08');
INSERT INTO `tcf_co_questions` (`id`, `exam_id`, `sort_order`, `question_text`, `points`, `image_src`, `audio_src`, `created_at`) VALUES (13,5,4,'Quelle est la nature de ce message ?',1,'uploads/co_media/demo1/image/4.jpg','uploads/co_media/demo1/audio/4.mp3','2026-07-22 23:02:08');
INSERT INTO `tcf_co_questions` (`id`, `exam_id`, `sort_order`, `question_text`, `points`, `image_src`, `audio_src`, `created_at`) VALUES (14,5,5,'Que doit-on faire en cas de problème ?',1,'uploads/co_media/demo1/image/5.jpg','uploads/co_media/demo1/audio/5.mp3','2026-07-22 23:02:08');
/*!40000 ALTER TABLE `tcf_co_questions` ENABLE KEYS */;
UNLOCK TABLES;

LOCK TABLES `tcf_co_answers` WRITE;
/*!40000 ALTER TABLE `tcf_co_answers` DISABLE KEYS */;
INSERT INTO `tcf_co_answers` (`id`, `question_id`, `answer_key`, `answer_text`, `is_correct`, `sort_order`) VALUES (36,10,'a','Se présenter à l\'enregistrement',1,0);
INSERT INTO `tcf_co_answers` (`id`, `question_id`, `answer_key`, `answer_text`, `is_correct`, `sort_order`) VALUES (37,10,'b','Aller à la douane',0,1);
INSERT INTO `tcf_co_answers` (`id`, `question_id`, `answer_key`, `answer_text`, `is_correct`, `sort_order`) VALUES (38,10,'c','Prendre un taxi',0,2);
INSERT INTO `tcf_co_answers` (`id`, `question_id`, `answer_key`, `answer_text`, `is_correct`, `sort_order`) VALUES (39,10,'d','Changer de terminal',0,3);
INSERT INTO `tcf_co_answers` (`id`, `question_id`, `answer_key`, `answer_text`, `is_correct`, `sort_order`) VALUES (40,11,'a','Faire plus d’exercice',0,0);
INSERT INTO `tcf_co_answers` (`id`, `question_id`, `answer_key`, `answer_text`, `is_correct`, `sort_order`) VALUES (41,11,'b','Manger équilibré',1,1);
INSERT INTO `tcf_co_answers` (`id`, `question_id`, `answer_key`, `answer_text`, `is_correct`, `sort_order`) VALUES (42,11,'c','Dormir 8 heures',0,2);
INSERT INTO `tcf_co_answers` (`id`, `question_id`, `answer_key`, `answer_text`, `is_correct`, `sort_order`) VALUES (43,11,'d','Éviter le stress',0,3);
INSERT INTO `tcf_co_answers` (`id`, `question_id`, `answer_key`, `answer_text`, `is_correct`, `sort_order`) VALUES (44,12,'a','Les horaires d’ouverture',0,0);
INSERT INTO `tcf_co_answers` (`id`, `question_id`, `answer_key`, `answer_text`, `is_correct`, `sort_order`) VALUES (45,12,'b','Le prix des produits',0,1);
INSERT INTO `tcf_co_answers` (`id`, `question_id`, `answer_key`, `answer_text`, `is_correct`, `sort_order`) VALUES (46,12,'c','La réduction spéciale',1,2);
INSERT INTO `tcf_co_answers` (`id`, `question_id`, `answer_key`, `answer_text`, `is_correct`, `sort_order`) VALUES (47,12,'d','L\'adresse du magasin',0,3);
INSERT INTO `tcf_co_answers` (`id`, `question_id`, `answer_key`, `answer_text`, `is_correct`, `sort_order`) VALUES (48,13,'a','Une invitation',1,0);
INSERT INTO `tcf_co_answers` (`id`, `question_id`, `answer_key`, `answer_text`, `is_correct`, `sort_order`) VALUES (49,13,'b','Une réclamation',0,1);
INSERT INTO `tcf_co_answers` (`id`, `question_id`, `answer_key`, `answer_text`, `is_correct`, `sort_order`) VALUES (50,13,'c','Une publicité',0,2);
INSERT INTO `tcf_co_answers` (`id`, `question_id`, `answer_key`, `answer_text`, `is_correct`, `sort_order`) VALUES (51,13,'d','Un rappel',0,3);
INSERT INTO `tcf_co_answers` (`id`, `question_id`, `answer_key`, `answer_text`, `is_correct`, `sort_order`) VALUES (52,14,'a','Appeler le service client',1,0);
INSERT INTO `tcf_co_answers` (`id`, `question_id`, `answer_key`, `answer_text`, `is_correct`, `sort_order`) VALUES (53,14,'b','Envoyer un email',0,1);
INSERT INTO `tcf_co_answers` (`id`, `question_id`, `answer_key`, `answer_text`, `is_correct`, `sort_order`) VALUES (54,14,'c','Se rendre en agence',0,2);
INSERT INTO `tcf_co_answers` (`id`, `question_id`, `answer_key`, `answer_text`, `is_correct`, `sort_order`) VALUES (55,14,'d','Consulter le site web',0,3);
/*!40000 ALTER TABLE `tcf_co_answers` ENABLE KEYS */;
UNLOCK TABLES;

LOCK TABLES `tcf_co_consignes` WRITE;
/*!40000 ALTER TABLE `tcf_co_consignes` DISABLE KEYS */;
INSERT INTO `tcf_co_consignes` (`id`, `title`, `body`, `section_key`, `visibility`, `is_published`, `sort_order`, `updated_at`) VALUES (1,'Structure de l’épreuve et stratégie de scoring','<!-- tcf-co-guide-v1 -->\n<div class=\"ee-consigne-body\">\n    <h4>Format officiel</h4>\n    <p>L’épreuve de compréhension orale TCF Canada se compose de <strong>39 questions</strong> réparties sur les niveaux de A1 à C2. Chaque question a un poids différent selon sa difficulté. La durée totale est de <strong>35 min</strong>.</p>\n    <h4>Écoute unique</h4>\n    <p>Contrairement à certains examens, chaque enregistrement n’est joué <strong>qu’une seule fois</strong>. Il est donc crucial de rester concentré et de prendre des notes efficacement dès la première écoute.</p>\n    <h4>Stratégie recommandée : anticipez et notez</h4>\n    <p>Les dernières questions valent plus de points. Voici le barème complet :</p>\n    <ul>\n        <li><strong>Questions 36-39 (C2) :</strong> 33 points chacune</li>\n        <li><strong>Questions 30-35 (C1) :</strong> 26 points chacune</li>\n        <li><strong>Questions 20-29 (B2) :</strong> 21 points chacune</li>\n        <li><strong>Questions 11-19 (B1) :</strong> 15 points chacune</li>\n        <li><strong>Questions 5-10 (A2) :</strong> 9 points chacune</li>\n        <li><strong>Questions 1-4 (A1) :</strong> 3 points chacune</li>\n    </ul>\n    <p><strong>Stratégie optimale :</strong> restez particulièrement concentré pour les questions 30-39 qui rapportent le plus de points. Ne vous découragez pas si les premières questions semblent faciles.</p>\n    <h4>Points clés à retenir</h4>\n    <ul>\n        <li>Total : <strong>39 questions = 699 points</strong></li>\n        <li>Chaque enregistrement n’est joué qu’une fois</li>\n        <li>Prenez des notes courtes et efficaces</li>\n        <li>Durée : <strong>35 min</strong></li>\n        <li>Mieux vaut réussir les questions difficiles que multiplier les questions faciles</li>\n    </ul>\n</div>','structure','gratuit',1,1,'2026-07-22 23:03:22');
INSERT INTO `tcf_co_consignes` (`id`, `title`, `body`, `section_key`, `visibility`, `is_published`, `sort_order`, `updated_at`) VALUES (2,'Les 5 techniques essentielles','<!-- tcf-co-guide-v1 -->\n<div class=\"ee-consigne-body\">\n    <h4>1. Écoute active et anticipation</h4>\n    <p>Avant l’écoute, lisez attentivement les questions et les choix de réponses. Cela vous permettra d’anticiper le type d’information à chercher pendant l’écoute.</p>\n    <ul>\n        <li>Lisez les questions avant l’enregistrement</li>\n        <li>Identifiez les mots-clés à écouter</li>\n        <li>Anticipez le contexte de la conversation</li>\n    </ul>\n    <h4>2. Prise de notes efficace</h4>\n    <p>Développez un système de notes rapide. Utilisez des abréviations, des symboles et des mots-clés plutôt que des phrases complètes.</p>\n    <ul>\n        <li>Notez les chiffres, dates et noms propres</li>\n        <li>Utilisez des symboles (→, +, -, ?)</li>\n        <li>Concentrez-vous sur l’essentiel, pas sur chaque mot</li>\n    </ul>\n    <h4>3. Reconnaissance des indices sonores</h4>\n    <p>Apprenez à reconnaître les indices qui signalent des informations importantes : changements de ton, répétitions, expressions comme « le plus important », « en conclusion », etc.</p>\n    <ul>\n        <li>Écoutez les changements d’intonation</li>\n        <li>Repérez les mots de liaison</li>\n        <li>Identifiez les reformulations et répétitions</li>\n    </ul>\n    <h4>4. Gestion des accents et débits variés</h4>\n    <p>L’examen inclut différents accents francophones. Entraînez-vous régulièrement à écouter des locuteurs de France, Canada, Belgique, Suisse et Afrique francophone.</p>\n    <ul>\n        <li>Écoutez des podcasts francophones variés</li>\n        <li>Regardez des films et séries en français</li>\n        <li>Habituez-vous à différentes vitesses d’élocution</li>\n    </ul>\n    <h4>5. Élimination des distracteurs</h4>\n    <p>Si vous n’êtes pas certain de la réponse, procédez par élimination. Identifiez les réponses clairement fausses ou qui ne correspondent pas à ce que vous avez entendu.</p>\n    <ul>\n        <li>Méfiez-vous des réponses qui utilisent les mêmes mots que l’audio</li>\n        <li>Cherchez les contradictions avec ce que vous avez entendu</li>\n        <li>Faites confiance à votre première impression</li>\n    </ul>\n</div>','techniques','gratuit',1,2,'2026-07-22 23:03:22');
INSERT INTO `tcf_co_consignes` (`id`, `title`, `body`, `section_key`, `visibility`, `is_published`, `sort_order`, `updated_at`) VALUES (3,'Erreurs courantes à éviter','<!-- tcf-co-guide-v1 -->\n<div class=\"ee-consigne-body\">\n    <h4>Paniquer si vous manquez un mot</h4>\n    <p>Ne vous arrêtez pas sur un mot incompris. Continuez à écouter et utilisez le contexte pour comprendre le sens général.</p>\n    <h4>Écrire des notes trop longues</h4>\n    <p>Des notes trop détaillées vous feront manquer des informations importantes. Utilisez des abréviations et des mots-clés.</p>\n    <h4>Se fier aux mots identiques</h4>\n    <p>Une réponse qui reprend exactement les mêmes mots que l’audio n’est pas forcément correcte. Cherchez le sens, pas les mots.</p>\n    <h4>Négliger la préparation</h4>\n    <p>Utilisez le temps avant chaque écoute pour lire les questions. Cette préparation est cruciale pour savoir quoi chercher.</p>\n    <h4>Attendre la fin pour répondre</h4>\n    <p>Répondez dès que vous êtes sûr de la réponse. Attendre peut vous faire oublier des informations importantes.</p>\n    <h4>S’entraîner sans chronométrage</h4>\n    <p>Pratiquez toujours dans les conditions réelles de l’examen pour vous habituer au rythme et à la pression du temps.</p>\n</div>','erreurs','gratuit',1,3,'2026-07-22 23:03:22');
/*!40000 ALTER TABLE `tcf_co_consignes` ENABLE KEYS */;
UNLOCK TABLES;
/*!40103 SET TIME_ZONE=@OLD_TIME_ZONE */;

/*!40101 SET SQL_MODE=@OLD_SQL_MODE */;
/*!40014 SET FOREIGN_KEY_CHECKS=@OLD_FOREIGN_KEY_CHECKS */;
/*!40101 SET CHARACTER_SET_CLIENT=@OLD_CHARACTER_SET_CLIENT */;
/*!40101 SET CHARACTER_SET_RESULTS=@OLD_CHARACTER_SET_RESULTS */;
/*!40101 SET COLLATION_CONNECTION=@OLD_COLLATION_CONNECTION */;
/*!40111 SET SQL_NOTES=@OLD_SQL_NOTES */;


SET FOREIGN_KEY_CHECKS=1;
